S No,Occupational Title,NCO 2015,NCO 2004,Division,Sub Division,Group,Family,descriptions
1,"General Manager, Bank",1211.01,1307.1,Managers,Administrative and Commercial Managers,Business Services and Administration Managers,Finance Managers,"The role of General Manager, Bank belongs to the Managers division. | This position falls under the sub division of Administrative and Commercial Managers. | It is categorized in the group Business Services and Administration Managers. | The family classification for this role is Finance Managers. | As a General Manager, Bank, you will contribute to the Managers sector. | They are the person in charge who makes sure the bank succeeds, stays safe, and keeps customers happy."
2,"General Manager, Insurance",1211.02,1307.2,Managers,Administrative and Commercial Managers,Business Services and Administration Managers,Finance Managers,"The role of General Manager, Insurance belongs to the Managers division. | This position falls under the sub division of Administrative and Commercial Managers. | It is categorized in the group Business Services and Administration Managers. | The family classification for this role is Finance Managers. | As a General Manager, Insurance, you will contribute to the Managers sector. | They are the leader who makes sure the insurance business runs smoothly, stays profitable, and delivers good service to customers."
3,"Purser, Ship",1211.03,1231.1,Managers,Administrative and Commercial Managers,Business Services and Administration Managers,Finance Managers,"The role of Purser, Ship belongs to the Managers division. | This position falls under the sub division of Administrative and Commercial Managers. | It is categorized in the group Business Services and Administration Managers. | The family classification for this role is Finance Managers. | As a Purser, Ship, you will contribute to the Managers sector. | They are the ships business and admin manager, keeping the money, records, and services in order while at sea."
4,"Finance Managers, Others",1211.99,1231.9,Managers,Administrative and Commercial Managers,Business Services and Administration Managers,Finance Managers,"The role of Finance Managers, Others belongs to the Managers division. | This position falls under the sub division of Administrative and Commercial Managers. | It is categorized in the group Business Services and Administration Managers. | The family classification for this role is Finance Managers. | As a Finance Managers, Others, you will contribute to the Managers sector. | They are the general-purpose finance leaders for businesses that do not fall into a specialized finance category."
5,"Working Proprietor, Gas",1120.02,1211.2,Managers,"Chief Executives, Senior Officials and Legislators",Managing Directors and Chief Executives,Managing Directors and Chief Executives,"The role of Working Proprietor, Gas belongs to the Managers division. | This position falls under the sub division of Chief Executives, Senior Officials and Legislators. | It is categorized in the group Managing Directors and Chief Executives. | The family classification for this role is Managing Directors and Chief Executives. | As a Working Proprietor, Gas, you will contribute to the Managers sector. | They are the owner and hands-on manager of a gas-related business."
6,Director Manufacturing,1120.18,1214.2,Managers,"Chief Executives, Senior Officials and Legislators",Managing Directors and Chief Executives,Managing Directors and Chief Executives,"The role of Director Manufacturing belongs to the Managers division. | This position falls under the sub division of Chief Executives, Senior Officials and Legislators. | It is categorized in the group Managing Directors and Chief Executives. | The family classification for this role is Managing Directors and Chief Executives. | As a Director Manufacturing, you will contribute to the Managers sector. | They are the head of manufacturing, making sure everything is produced safely, efficiently, and to the right quality."
7,"station Director, Radio/TV",1120.34,1218.3,Managers,"Chief Executives, Senior Officials and Legislators",Managing Directors and Chief Executives,Managing Directors and Chief Executives,"The role of station Director, Radio/TV belongs to the Managers division. | This position falls under the sub division of Chief Executives, Senior Officials and Legislators. | It is categorized in the group Managing Directors and Chief Executives. | The family classification for this role is Managing Directors and Chief Executives. | As a station Director, Radio/TV, you will contribute to the Managers sector. | They are the boss of the station, guiding everything from what goes on air to how the business makes money."
8,"Working Proprietor, Water Supply",1120.03,1211.3,Managers,"Chief Executives, Senior Officials and Legislators",Managing Directors and Chief Executives,Managing Directors and Chief Executives,"The role of Working Proprietor, Water Supply belongs to the Managers division. | This position falls under the sub division of Chief Executives, Senior Officials and Legislators. | It is categorized in the group Managing Directors and Chief Executives. | The family classification for this role is Managing Directors and Chief Executives. | As a Working Proprietor, Water Supply, you will contribute to the Managers sector. | They are the owner and hands-on manager of a water supply business."
9,"Working Proprietor, Wholesale Trade/Proprietor, Wholesale Trade",1120.19,1214.3,Managers,"Chief Executives, Senior Officials and Legislators",Managing Directors and Chief Executives,Managing Directors and Chief Executives,"The role of Working Proprietor, Wholesale Trade/Proprietor, Wholesale Trade belongs to the Managers division. | This position falls under the sub division of Chief Executives, Senior Officials and Legislators. | It is categorized in the group Managing Directors and Chief Executives. | The family classification for this role is Managing Directors and Chief Executives. | As a Working Proprietor, Wholesale Trade/Proprietor, Wholesale Trade, you will contribute to the Managers sector. | They are the owner and hands-on manager of a wholesale trading business"
10,Account Director ( Advertising Agency),1120.3401,,Managers,"Chief Executives, Senior Officials and Legislators",Managing Directors and Chief Executives,Managing Directors and Chief Executives,"The role of Account Director ( Advertising Agency) belongs to the Managers division. | This position falls under the sub division of Chief Executives, Senior Officials and Legislators. | It is categorized in the group Managing Directors and Chief Executives. | The family classification for this role is Managing Directors and Chief Executives. | As a Account Director ( Advertising Agency), you will contribute to the Managers sector. | They are the top client manager in an ad agency, making sure big accounts are happy and successful."
