Timestamp,User_ID,Query,Latency_ms,StatusCode
1781289602.6395612,14,Teacher,5419.287000000054,200
1781289603.3562722,14,Pilot,216.70180000000983,200
1781289606.7426546,14,Nurse,2885.037099999977,200
1781289600.0360973,69,Pilot,2729.6956999999793,200
1781289603.1096232,69,Nurse,2572.1427999999946,200
1781289607.1772351,69,Software Engineer,3567.0483000000104,200
1781289603.340226,41,Designer,6077.816499999983,200
1781289607.5903604,41,Plumber,3749.01779999999,200
1781289603.040003,27,Mechanic,5800.241000000028,200
1781289607.6123953,27,Data Scientist,4071.568099999979,200
1781289600.306064,94,Nurse,2960.9636999999793,200
1781289603.0636375,94,Plumber,2256.294099999991,200
1781289607.7689023,94,Chef,4204.591800000003,200
1781289603.17668,16,Data Scientist,5954.051400000026,200
1781289607.7689023,16,Designer,4091.4425999999935,200
1781289602.9345908,9,Software Engineer,5722.572000000014,200
1781289608.0338604,9,Data Scientist,4585.726899999998,200
1781289604.5560048,23,Mechanic,7320.827099999974,200
1781289608.1204135,23,Pilot,3064.935999999989,200
1781289604.576802,40,Chef,7314.384899999994,200
1781289608.2512941,40,Nurse,3175.2728999999817,200
1781289604.5608697,58,Mechanic,7273.911999999996,200
1781289608.2737715,58,Pilot,3208.9868999999567,200
1781289604.6546311,79,Electrician,7332.088499999998,200
1781289608.3128877,79,Nurse,3158.878399999992,200
1781289604.6728811,86,Electrician,7341.373099999999,200
1781289608.3911355,86,Pilot,3217.470800000001,200
1781289602.9681783,26,Designer,5729.104000000007,200
1781289608.454455,26,Designer,4986.340999999982,200
1781289604.2995796,3,Data Scientist,7101.32109999995,200
1781289608.485138,3,Pilot,3684.9697000000106,200
1781289604.394376,31,Software Engineer,7148.2935000000225,200
1781289608.5099275,31,Nurse,3615.9225999999762,200
1781289602.9621575,29,Designer,5718.858499999953,200
1781289608.5236907,29,Teacher,5060.291300000017,200
1781289603.3620253,48,Mechanic,6089.332399999989,200
1781289608.5360422,48,Teacher,4672.9844000000185,200
1781289604.3782666,71,Electrician,7068.988400000024,200
1781289608.5415597,71,Pilot,3662.202699999966,200
1781289599.975785,90,Plumber,2636.569300000019,200
1781289604.9360468,90,Designer,4461.750900000026,200
1781289608.544567,90,Nurse,3106.4669000000436,200
1781289599.7204554,7,Pilot,2514.694899999995,200
1781289604.896262,7,Software Engineer,4673.366799999996,200
1781289608.5537002,7,Plumber,3157.8221999999982,200
1781289600.1221046,28,Nurse,2880.260099999987,200
1781289603.2951653,28,Pilot,2672.975000000008,200
1781289608.5665631,28,Electrician,4771.248500000012,200
1781289604.5205486,62,Data Scientist,7227.744099999995,200
1781289608.5880804,62,Pilot,3562.996300000009,200
1781289603.2813947,17,Mechanic,6056.561700000031,200
1781289608.6018581,17,Mechanic,4819.910899999968,200
1781289603.1430788,33,Teacher,5890.30489999999,200
1781289608.6255467,33,Mechanic,4982.275099999981,200
1781289603.1320057,2,Teacher,5934.290099999998,200
1781289608.6225386,2,Software Engineer,4990.339300000016,200
1781289600.092559,64,Nurse,2791.460700000016,200
1781289603.006782,64,Pilot,2413.7011000000257,200
1781289608.6567333,64,Software Engineer,5149.635100000012,200
1781289605.0078187,66,Mechanic,7704.424000000017,200
1781289608.662748,66,Pilot,3138.496499999974,200
1781289603.3031478,12,Teacher,6084.441099999993,200
1781289605.5597,12,Pilot,1756.976800000018,200
1781289608.6718352,12,Plumber,2610.63809999996,200
1781289604.5571828,0,Software Engineer,7361.513500000001,200
1781289608.6840374,0,Plumber,3625.8368999999675,200
1781289603.326427,50,Data Scientist,6050.969500000008,200
1781289605.6852806,50,Nurse,1858.6161999999717,200
1781289608.6840374,50,Pilot,2496.9358999999827,200
1781289603.338221,30,Chef,6092.645099999971,200
1781289608.6860425,30,Data Scientist,4847.721799999988,200
1781289604.472095,5,Data Scientist,7269.934300000045,200
1781289608.6892407,5,Plumber,3717.211999999961,200
1781289599.5224164,10,Pilot,2308.832100000018,200
1781289604.901409,10,Data Scientist,4879.791600000033,200
1781289608.6912453,10,Pilot,3289.117199999964,200
1781289602.3414657,15,Mechanic,5118.546199999969,200
1781289603.350254,15,Pilot,509.70989999996164,200
1781289608.6952531,15,Software Engineer,4845.011699999986,200
1781289599.4574914,6,Nurse,2254.4485000000236,200
1781289604.653409,6,Mechanic,4695.445800000016,200
1781289608.7032704,6,Plumber,3548.7666000000218,200
1781289600.10633,25,Nurse,2868.4589000000074,200
1781289604.941067,25,Electrician,4334.192499999972,200
1781289608.7090244,25,Pilot,3267.2724000000244,200
1781289602.808851,8,Teacher,5598.848700000019,200
1781289604.9788783,8,Teacher,1669.582700000035,200
1781289608.7162957,8,Nurse,3236.9793999999956,200
1781289605.0078187,4,Electrician,7807.000599999981,200
1781289608.7283344,4,Pilot,3204.35980000002,200
1781289600.0587106,72,Plumber,2747.491700000012,200
1781289604.949821,72,Teacher,4390.797499999962,200
1781289608.7360919,72,Plumber,3285.7429000000025,200
1781289599.9082546,11,Pilot,2691.8595999999866,200
1781289601.7121835,11,Plumber,1303.1919999999673,200
1781289605.0078187,11,Mechanic,2795.4876000000013,200
1781289608.7453797,11,Pilot,3221.282799999983,200
1781289603.311679,1,Electrician,6115.019500000017,200
1781289608.749412,1,Designer,4938.316900000018,200
1781289603.3342104,18,Teacher,6108.19889999999,200
1781289608.752927,18,Designer,4918.514800000025,200
1781289602.994976,13,Electrician,5775.332100000014,200
1781289608.7569458,13,Teacher,5262.361400000032,200
1781289603.421929,45,Chef,6154.433600000004,200
1781289608.7712052,45,Mechanic,4848.132899999996,200
1781289603.6862433,19,Data Scientist,6457.4841999999535,200
1781289609.375562,19,Designer,5190.164699999968,200
1781289604.3451204,59,Software Engineer,7055.236499999978,200
1781289609.543908,59,Designer,4697.360199999992,200
1781289604.4102194,57,Teacher,7121.824400000037,200
1781289609.5677652,57,Mechanic,4658.12219999998,200
1781289604.3470712,55,Chef,7068.929099999991,200
1781289609.6748748,55,Mechanic,4821.6067000000185,200
1781289604.5807226,39,Chef,7319.949899999983,200
1781289609.8468075,39,Teacher,4765.439900000047,200
1781289604.5686047,76,Teacher,7251.472200000024,200
1781289609.9975145,76,Teacher,4928.484199999957,200
1781289604.5364583,47,Mechanic,7265.449099999955,200
1781289610.06267,47,Electrician,5025.475900000003,200
1781289604.5351555,73,Teacher,7222.730200000001,200
1781289610.345657,73,Electrician,5310.938800000031,200
1781289604.5716486,60,Data Scientist,7278.701799999964,200
1781289610.8361487,60,Designer,5763.876700000026,200
1781289604.5270612,83,Chef,7199.40600000001,200
1781289610.8961291,83,Designer,5875.3884999999855,200
1781289604.5828006,70,Mechanic,7274.583600000028,200
1781289610.9047785,70,Software Engineer,5821.417300000007,200
1781289604.596639,75,Data Scientist,7293.936199999962,200
1781289611.072801,75,Designer,5962.563199999977,200
1781289604.5930297,93,Data Scientist,7249.484399999972,200
1781289611.075808,93,Teacher,5982.387099999983,200
1781289604.5930297,43,Designer,7327.688899999998,200
1781289611.0788155,43,Designer,5984.132299999999,200
1781289604.5296915,44,Chef,7262.321100000008,200
1781289611.0788155,44,Data Scientist,6049.461300000019,200
1781289604.5571828,51,Data Scientist,7278.846799999997,200
1781289611.0874019,51,Teacher,6030.911199999991,200
1781289600.235464,91,Nurse,2895.6476999999836,200
1781289604.9768703,91,Electrician,4240.475599999968,200
1781289611.0956602,91,Electrician,5618.932700000016,200
1781289604.5571828,89,Teacher,7220.61720000005,200
1781289611.0956602,89,Software Engineer,6038.261900000009,200
1781289604.674985,61,Mechanic,7390.989600000012,200
1781289611.098674,61,Software Engineer,5910.427900000002,200
1781289604.6546311,74,Software Engineer,7340.388099999984,200
1781289611.098674,74,Mechanic,5944.699200000003,200
1781289604.576802,85,Chef,7247.104100000001,200
1781289611.1057496,85,Mechanic,6027.792099999999,200
1781289600.0707366,78,Pilot,2749.0042000000017,200
1781289604.9748633,78,Electrician,4403.95860000001,200
1781289611.1115608,78,Designer,5636.929399999985,200
1781289600.1485264,35,Pilot,2893.4208000000012,200
1781289604.913014,35,Mechanic,4265.463699999998,200
1781289611.1057496,35,Mechanic,5692.7071999999725,200
1781289603.016361,32,Electrician,5770.05429999997,200
1781289605.4892588,32,Nurse,1971.3256000000001,200
1781289611.10955,32,Data Scientist,5120.013000000028,200
1781289604.8361065,68,Teacher,7530.162500000017,200
1781289611.1142068,68,Software Engineer,5777.218099999971,200
1781289600.1800854,56,Nurse,2894.01620000001,200
1781289604.9538307,56,Data Scientist,4272.155399999974,200
1781289611.1211793,56,Electrician,5666.539600000022,200
1781289604.6728811,65,Chef,7370.384600000023,200
1781289611.1155374,65,Designer,5944.932999999992,200
1781289600.2151473,88,Nurse,2879.935400000022,200
1781289604.9573262,88,Teacher,4240.816199999983,200
1781289611.1155374,88,Software Engineer,5660.5605000000305,200
1781289604.58779,87,Chef,7256.185599999981,200
1781289611.123425,87,Electrician,6035.351699999978,200
1781289605.0078187,37,Teacher,7750.60609999997,200
1781289611.1254318,37,Designer,5602.57660000002,200
1781289600.223433,53,Pilot,2943.3543999999756,200
1781289604.9173322,53,Designer,4192.995300000007,200
1781289611.1285925,53,Chef,5709.8439999999755,200
1781289605.005813,36,Electrician,7750.627199999997,200
1781289611.1342192,36,Software Engineer,5609.389600000042,200
1781289600.1971092,81,Nurse,2872.194499999978,200
1781289604.9264731,81,Data Scientist,4228.468599999986,200
1781289611.135581,81,Software Engineer,5709.1755999999805,200
1781289599.4417317,46,Nurse,2171.507100000042,200
1781289604.8774912,46,Designer,4935.599199999956,200
1781289611.1365848,46,Software Engineer,5758.901500000036,200
1781289599.5554903,34,Plumber,2301.536100000021,200
1781289604.913014,34,Mechanic,4857.410600000037,200
1781289611.1380758,34,Designer,5724.1164000000135,200
1781289599.9484773,84,Plumber,2619.928200000004,200
1781289604.9528284,84,Data Scientist,4502.284999999973,200
1781289611.139078,84,Data Scientist,5686.507299999959,200
1781289599.252127,63,Pilot,1953.490400000021,200
1781289604.6900637,63,Teacher,4932.3263,200
1781289611.139078,63,Teacher,5948.456700000008,200
1781289605.0078187,38,Mechanic,7749.0860999999995,200
1781289611.139078,38,Software Engineer,5614.544099999989,200
1781289599.9372025,21,Pilot,2704.799400000013,200
1781289604.913014,21,Teacher,4477.062900000021,200
1781289611.139078,21,Chef,5724.280299999975,200
1781289600.1622958,49,Plumber,2887.680399999965,200
1781289604.960456,49,Electrician,4298.028000000045,200
1781289611.139078,49,Electrician,5678.451199999983,200
1781289600.2171578,96,Pilot,2867.757500000039,200
1781289604.9628236,96,Designer,4248.772599999995,200
1781289611.1405752,96,Teacher,5674.500200000011,200
1781289603.3918457,42,Software Engineer,6128.328300000021,200
1781289605.69705,42,Nurse,1804.0912000000162,200
1781289611.1405752,42,Data Scientist,4943.16889999999,200
1781289604.3156123,54,Electrician,7032.165600000042,200
1781289611.149043,54,Mechanic,6333.346799999958,200
1781289599.9590034,24,Plumber,2722.5865999999996,200
1781289604.9573262,24,Designer,4499.6466000000055,200
1781289611.1514864,24,Data Scientist,5691.886699999997,200
1781289599.2946703,67,Pilot,1989.6671999999853,200
1781289600.5008402,67,Nurse,705.7420999999522,200
1781289604.9728475,67,Data Scientist,3970.9978000000206,200
1781289611.1514864,67,Electrician,5677.985899999953,200
1781289604.5854883,95,Designer,7238.071499999989,200
1781289611.1514864,95,Mechanic,6064.893799999993,200
1781289604.806827,77,Software Engineer,7486.5314999999555,200
1781289611.1524916,77,Electrician,5845.390700000053,200
1781289604.5686047,98,Teacher,7216.9723000000085,200
1781289611.1534998,98,Electrician,6084.606500000007,200
1781289604.5716486,82,Designer,7245.774199999971,200
1781289611.1534998,82,Data Scientist,6080.987700000037,200
1781289600.240037,99,Pilot,2886.9043999999917,200
1781289604.9400597,99,Chef,4199.48770000002,200
1781289611.1534998,99,Data Scientist,5712.1202999999805,200
1781289604.5854883,22,Teacher,7351.771600000006,200
1781289611.1534998,22,Data Scientist,6067.685400000017,200
1781289604.5854883,80,Designer,7261.7343,200
1781289611.1592906,80,Electrician,6073.731399999986,200
1781289604.806827,92,Chef,7465.927800000031,200
1781289611.1606624,92,Teacher,5852.41000000002,200
1781289604.6932197,97,Teacher,7342.906099999993,200
1781289611.1621284,97,Teacher,5968.588399999988,200
1781289604.5270612,52,Data Scientist,7247.182500000008,200
1781289611.1621284,52,Chef,6135.235599999987,200
1781289600.015744,20,Nurse,2785.489900000016,200
1781289604.9380534,20,Teacher,4421.821399999999,200
1781289611.1633933,20,Teacher,5725.061200000027,200
