Time_s,CPU_Percent,Memory_Percent,Thread_Count,Disk_MB_s,Net_MB_s
0.008071184158325195,0.0,94.4,2,0.203125,0.0
0.5213370323181152,33.3,94.5,51,1.5703125,0.00078582763671875
1.03271484375,16.1,94.6,99,0.125,0.0007781982421875
1.5457837581634521,21.0,94.6,112,1.962890625,0.000484466552734375
2.0573863983154297,11.3,94.6,112,0.15625,0.000614166259765625
2.572890043258667,63.8,94.7,112,0.453125,0.0001049041748046875
3.0893826484680176,100.0,95.0,112,0.76953125,0.000835418701171875
3.6070687770843506,100.0,95.4,112,17.0947265625,0.000762939453125
4.136042594909668,100.0,95.9,112,0.8984375,0.000614166259765625
4.660127639770508,100.0,95.9,112,0.1337890625,9.5367431640625e-05
5.189556837081909,100.0,96.1,112,1.29296875,0.0009479522705078125
5.723146915435791,100.0,96.2,112,0.65625,0.000102996826171875
6.245187759399414,100.0,96.3,112,0.640625,0.001758575439453125
6.771592140197754,100.0,97.0,112,1.0029296875,0.15476417541503906
7.305156230926514,100.0,97.2,112,0.78125,0.030559539794921875
7.829859972000122,100.0,95.7,112,64.265625,0.0
8.348315000534058,100.0,95.8,112,0.8544921875,0.015398025512695312
8.86623477935791,100.0,95.8,112,0.7109375,0.0003070831298828125
9.3873291015625,100.0,96.0,112,48.09375,0.0007171630859375
9.906293392181396,97.4,96.1,112,117.5546875,0.0042324066162109375
10.422709941864014,100.0,96.1,112,92.8134765625,0.000614166259765625
10.940791368484497,100.0,96.1,112,0.0234375,0.0
11.45792818069458,100.0,96.3,112,1.1826171875,0.000614166259765625
11.976591110229492,100.0,96.5,112,0.7451171875,0.0
12.496926307678223,100.0,96.5,112,13.7998046875,0.000614166259765625
13.020854473114014,100.0,96.6,112,0.28125,0.0002307891845703125
13.545891761779785,100.0,96.8,112,3.2265625,0.0012187957763671875
14.067541360855103,100.0,96.9,112,0.2578125,0.000244140625
14.58492398262024,100.0,97.2,112,2.498046875,0.0013256072998046875
15.115717887878418,100.0,97.4,112,2.921875,0.000423431396484375
15.636502742767334,100.0,96.1,112,2.65625,0.0013256072998046875
16.17831015586853,100.0,96.2,112,11.65625,0.000522613525390625
16.70744490623474,100.0,96.4,112,0.5859375,0.0013599395751953125
17.22733497619629,100.0,96.4,112,0.9013671875,0.0004444122314453125
17.754061222076416,100.0,96.4,112,3.78125,0.0007171630859375
18.277729272842407,99.3,96.3,112,16.9208984375,0.000244140625
18.79320454597473,43.9,94.9,112,2.046875,0.001392364501953125
19.305988311767578,45.0,93.3,112,0.8828125,0.00020599365234375
19.822073221206665,97.7,93.3,112,0.9140625,0.000614166259765625
20.33964705467224,100.0,93.4,112,0.3203125,0.0
20.856998205184937,100.0,93.8,112,3.4052734375,0.000614166259765625
21.384681701660156,100.0,94.3,112,0.734375,0.0005283355712890625
21.906038999557495,100.0,94.4,112,0.0703125,0.00075531005859375
22.43237805366516,100.0,94.6,112,2.4931640625,0.0003337860107421875
22.96233105659485,100.0,94.8,112,0.7578125,0.0010509490966796875
23.496018886566162,100.0,95.0,112,0.109375,0.0003070831298828125
24.022892713546753,100.0,95.0,112,0.734375,0.000614166259765625
24.54491639137268,100.0,95.3,112,0.5078125,0.0004711151123046875
25.069636344909668,100.0,95.5,112,0.390625,0.000614166259765625
25.588862657546997,100.0,95.6,112,0.21875,0.0
26.106268644332886,100.0,95.9,112,44.134765625,0.000286102294921875
26.628681421279907,100.0,96.2,112,3.4140625,0.00032806396484375
27.154882431030273,100.0,96.5,112,4.7998046875,0.000286102294921875
