Timestamp,Worker_ID,Query,Latency_ms,StatusCode
1781289645.8641727,3,Pilot,35.574200000041856,200
1781289649.1808224,35,Chef,65.7947000000263,200
1781289647.4218805,18,Software Engineer,60.152000000016415,200
1781289645.6982057,1,Designer,70.37340000005088,200
1781289646.5059383,9,Electrician,67.8239000000076,200
1781289646.8220618,12,Designer,72.4480000000085,200
1781289646.7233138,11,Mechanic,72.07999999997128,200
1781289648.6369946,30,Plumber,34.92879999998877,200
1781289648.0511203,24,Software Engineer,74.30400000004056,200
1781289647.939501,23,Data Scientist,63.40159999996331,200
1781289645.5901613,0,Designer,62.41049999999859,200
1781289647.0233598,14,Teacher,71.83489999999892,200
1781289646.2050598,6,Chef,68.0042000000185,200
1781289648.153763,25,Designer,65.00210000001516,200
1781289648.2598727,26,Electrician,70.83789999995815,200
1781289645.805841,2,Software Engineer,77.05599999997048,200
1781289649.7860806,41,Designer,58.327700000006644,200
1781289646.094101,5,Mechanic,56.73020000000406,200
1781289650.273226,46,Pilot,30.65870000000359,200
1781289649.896451,42,Teacher,67.88009999996802,200
1781289648.971005,33,Chef,66.80669999997235,200
1781289648.8621972,32,Chef,59.39699999998993,200
1781289648.5618222,29,Electrician,71.70849999999973,200
1781289647.7403498,21,Electrician,64.87009999995053,200
1781289646.4068713,8,Mechanic,68.79680000002963,200
1781289649.6970859,40,Electrician,69.61209999997209,200
1781289646.3057497,7,Electrician,68.96519999997963,200
1781289646.617056,10,Teacher,67.11409999996931,200
1781289647.2977264,17,Nurse,34.048399999960566,200
1781289649.5511646,39,Pilot,33.99159999997892,200
1781289647.229377,16,Teacher,64.69210000000203,200
1781289647.640888,20,Software Engineer,64.87180000004855,200
1781289649.2892344,36,Software Engineer,72.37270000001672,200
1781289648.461671,28,Electrician,71.65009999999938,200
1781289650.4102008,47,Chef,67.98950000001014,200
1781289647.8120937,22,Plumber,34.93050000002995,200
1781289650.5192263,48,Designer,75.3460999999902,200
1781289649.99909,43,Teacher,69.94600000001583,200
1781289647.494588,19,Plumber,29.601399999990008,200
1781289649.4860141,38,Teacher,69.67200000002549,200
1781289649.3907275,37,Software Engineer,73.69629999999461,200
1781289647.1325655,15,Mechanic,69.23150000000078,200
1781289649.0753112,34,Data Scientist,70.52779999997938,200
1781289650.1750858,45,Pilot,34.366499999975986,200
1781289650.1005356,44,Designer,70.46220000000858,200
1781289648.76709,31,Data Scientist,64.47489999999334,200
1781289648.361693,27,Data Scientist,72.7655000000027,200
1781289646.9258187,13,Designer,75.26550000000043,200
1781289645.990499,4,Chef,61.546899999996185,200
1781289654.095297,38,Software Engineer,1878.5130999999637,200
1781289653.8686075,46,Electrician,1218.0060000000026,200
1781289655.940241,77,Mechanic,1844.8180999999977,200
1781289653.876561,31,Designer,1878.3520000000067,200
1781289653.8298001,27,Electrician,1952.09890000001,200
1781289651.808806,2,Software Engineer,692.0695000000023,200
1781289654.408986,40,Chef,2024.482799999987,200
1781289652.6217334,9,Teacher,1294.7964999999613,200
1781289655.6659176,82,Nurse,1257.0514999999887,200
1781289655.337097,51,Software Engineer,2411.7076999999654,200
1781289653.893998,36,Nurse,1738.407699999982,200
1781289652.9240003,21,Software Engineer,1223.1749000000036,200
1781289655.6483607,49,Designer,2823.2610000000022,200
1781289652.6293015,15,Chef,1125.8851999999706,200
1781289653.8324435,37,Chef,1647.8442000000086,200
1781289653.238856,34,Plumber,1142.3085999999785,200
1781289652.6217334,10,Data Scientist,1265.4382000000055,200
1781289653.8822644,35,Plumber,1756.2393000000043,200
1781289653.233101,33,Pilot,1176.163699999961,200
1781289655.339107,74,Plumber,1453.586400000006,200
1781289651.3764622,0,Chef,317.85989999997355,200
1781289653.8842704,26,Nurse,2036.3973999999985,200
1781289653.221074,32,Pilot,1193.8081000000125,200
1781289655.341113,50,Data Scientist,2420.8313999999973,200
1781289654.1436975,62,Plumber,904.9424000000386,200
1781289652.3857467,3,Data Scientist,1237.844999999993,200
1781289655.6659176,54,Teacher,2730.7857999999783,200
1781289653.1893456,20,Teacher,1517.1803000000068,200
1781289652.6551137,4,Chef,1479.1874000000007,200
1781289655.341113,75,Plumber,1446.108000000038,200
1781289652.9209898,18,Data Scientist,1308.7921999999708,200
1781289652.6511014,6,Mechanic,1413.134599999978,200
1781289652.9820518,30,Pilot,1014.4715000000133,200
1781289655.6558847,71,Software Engineer,1782.2362999999655,200
1781289653.42443,19,Software Engineer,1782.4430000000007,200
1781289655.6538796,73,Teacher,1771.1229999999887,200
1781289654.1226153,61,Nurse,888.552500000003,200
1781289655.3273277,58,Teacher,2337.6078999999663,200
1781289653.534133,28,Nurse,1625.0933999999688,200
1781289651.5273745,1,Plumber,439.0404000000103,200
1781289653.809489,42,Data Scientist,1187.3020000000452,200
1781289654.124621,63,Nurse,882.2830000000295,200
1781289654.4240186,43,Pilot,1793.1671999999708,200
1781289655.9902048,67,Data Scientist,2167.542800000035,200
1781289652.988228,29,Plumber,1050.4624999999805,200
1781289653.8438544,23,Nurse,2083.3728000000065,200
1781289652.9240003,14,Mechanic,1450.4727000000344,200
1781289654.4870114,57,Pilot,1497.9530000000523,200
1781289654.5443697,48,Nurse,1758.8144000000057,200
1781289655.6639109,66,Data Scientist,1855.2707999999711,200
1781289652.768932,8,Designer,1471.525999999983,200
1781289652.1281846,7,Pilot,860.9925999999746,200
1781289655.6538796,68,Mechanic,1821.1170999999808,200
1781289655.6619039,70,Data Scientist,1817.3555999999849,200
1781289651.804554,5,Pilot,597.7922999999805,200
1781289655.6518748,64,Mechanic,2227.212399999985,200
1781289655.4755807,55,Software Engineer,2504.378299999985,200
1781289652.9259262,24,Electrician,1135.3071999999997,200
1781289655.3273277,44,Data Scientist,2677.626900000007,200
1781289652.9357407,13,Electrician,1491.480700000011,200
1781289655.473574,56,Designer,2491.0284000000047,200
1781289655.312274,41,Software Engineer,2691.395600000021,200
1781289652.7852316,11,Plumber,1400.0078999999914,200
1781289655.6679246,52,Chef,2742.8644000000304,200
1781289655.6679246,69,Electrician,1832.38080000001,200
1781289654.7453299,65,Pilot,1212.0941000000016,200
1781289654.097045,39,Electrician,1851.0985000000346,200
1781289653.2428644,16,Pilot,1709.057400000006,200
1781289652.9713078,25,Mechanic,1151.8199000000209,200
1781289652.991106,22,Nurse,1258.9616999999862,200
1781289655.6598966,72,Chef,1783.4889999999746,200
1781289654.5225585,47,Software Engineer,1755.1756000000296,200
1781289652.825788,17,Pilot,1243.5760999999843,200
1781289654.089271,53,Nurse,1162.5285000000076,200
1781289653.8355954,45,Pilot,1180.535300000031,200
1781289655.9902048,85,Nurse,1472.1799999999803,200
1781289652.6551137,12,Plumber,1239.6934000000215,200
1781289656.0747995,84,Mechanic,1587.9509000000098,200
1781289656.0774136,78,Designer,1979.3183999999542,200
1781289656.0787187,86,Electrician,1534.4076999999743,200
1781289656.0797207,76,Data Scientist,1991.28300000001,200
1781289656.086936,79,Data Scientist,1963.8378999999873,200
1781289656.086936,83,Designer,1664.6211999999991,200
1781289656.0954304,60,Chef,2873.44250000001,200
1781289656.0954304,80,Teacher,1970.3664000000458,200
1781289656.0954304,81,Software Engineer,1952.3843999999713,200
1781289656.0997922,59,Data Scientist,2910.6076999999573,200
1781289656.8854337,102,Plumber,1224.7406000000183,200
1781289656.9256809,104,Nurse,1261.5102999999976,200
1781289656.9883332,108,Nurse,1321.5153000000441,200
1781289656.990338,87,Teacher,2245.0536000000056,200
1781289657.0021155,93,Nurse,1661.1158000000046,200
1781289657.0021155,94,Plumber,1660.3856000000405,200
1781289657.0061302,92,Data Scientist,1666.3788000000181,200
1781289657.3143926,101,Pilot,1657.4709000000212,200
1781289657.438767,88,Nurse,2125.4654999999616,200
1781289657.4678233,96,Pilot,1992.4434000000133,200
1781289657.4715805,112,Plumber,1397.2797000000128,200
1781289657.6498525,114,Pilot,1571.0037000000057,200
1781289657.6671922,117,Nurse,1579.7685000000001,200
1781289657.673223,97,Nurse,2024.2114999999785,200
1781289657.673223,98,Nurse,2022.122799999977,200
1781289657.8801515,91,Data Scientist,2544.1779000000224,200
1781289657.8901753,107,Designer,2223.2860999999957,200
1781289657.8901753,89,Data Scientist,2562.972000000002,200
1781289657.8951926,100,Software Engineer,2240.111500000012,200
1781289657.901209,105,Mechanic,2234.867099999974,200
1781289657.9915118,103,Mechanic,2329.3780999999854,200
1781289657.9935164,90,Mechanic,2665.7213999999954,200
1781289658.0199172,113,Electrician,1943.5857000000283,200
1781289658.0279348,119,Chef,1932.1952999999894,200
1781289658.0293672,121,Software Engineer,1929.6821000000364,200
1781289658.031376,120,Data Scientist,1935.025200000041,200
1781289658.0419612,111,Software Engineer,2044.4089999999733,200
1781289658.0439656,116,Teacher,1956.9756000000211,200
1781289658.065094,95,Chef,2591.967000000011,200
1781289658.075615,109,Data Scientist,2135.156399999971,200
1781289658.075615,115,Mechanic,1994.8537999999871,200
1781289658.077989,106,Software Engineer,2411.2964999999917,200
1781289658.0980003,124,Designer,1108.3011000000056,200
1781289658.1129427,126,Electrician,1111.144300000035,200
1781289658.180389,123,Pilot,1254.385799999966,200
1781289658.1876073,127,Nurse,1184.9692000000118,200
1781289658.1876073,99,Mechanic,2533.2594999999856,200
1781289658.2019348,128,Pilot,1195.7711000000018,200
1781289658.2081094,136,Nurse,535.2132000000438,200
1781289658.2124803,110,Mechanic,2216.6473000000337,200
1781289658.2167819,118,Electrician,2121.647800000005,200
1781289658.278886,122,Nurse,1393.2020999999963,200
1781289658.3673532,130,Chef,929.9290999999812,200
1781289658.3693597,135,Nurse,695.3177000000323,200
1781289659.501527,131,Designer,2033.30840000001,200
1781289659.5032713,129,Teacher,2189.1037000000324,200
1781289659.5064704,142,Chef,1514.2030999999747,200
1781289659.5074735,137,Mechanic,1626.5333000000055,200
1781289659.5084765,141,Data Scientist,1606.4742000000365,200
1781289659.5114832,132,Electrician,2038.5633999999868,200
1781289659.523569,125,Designer,2532.0686000000023,200
1781289659.5255725,138,Chef,1634.9988000000053,200
1781289659.527579,139,Electrician,1635.7551000000399,200
1781289659.529585,140,Teacher,1634.8120999999765,200
1781289659.5353374,148,Pilot,1493.014799999969,200
1781289659.5373425,145,Plumber,1510.079399999995,200
1781289659.5393481,156,Plumber,1359.59280000003,200
1781289659.543356,147,Plumber,1511.4818999999784,200
1781289659.543356,163,Plumber,1264.7081999999727,200
1781289659.8270333,152,Designer,1751.800000000003,200
1781289659.8270333,155,Electrician,1715.5983000000106,200
1781289659.8300974,144,Mechanic,1809.9459000000024,200
1781289659.831815,153,Teacher,1753.2553000000348,200
1781289659.831815,160,Teacher,1622.6179999999886,200
1781289659.8357148,164,Nurse,1467.4487999999997,200
1781289659.8367176,146,Data Scientist,1806.5768000000162,200
1781289659.8397253,162,Nurse,1621.7306000000349,200
1781289659.8417304,133,Software Engineer,2192.120299999999,200
1781289659.8945549,158,Designer,1708.489899999961,200
1781289659.8945549,157,Data Scientist,1709.3930999999998,200
1781289659.8945549,134,Electrician,2228.503499999988,200
1781289659.8945549,154,Nurse,1799.9973999999952,200
1781289659.95739,143,Teacher,1963.1213000000116,200
1781289659.964821,165,Teacher,1600.6793000000243,200
1781289659.9713585,159,Electrician,1769.2031999999926,200
1781289659.9770296,161,Electrician,1764.5628999999872,200
1781289659.9790354,151,Designer,1904.4059999999945,200
1781289659.98449,150,Data Scientist,1919.0082000000075,200
1781289659.988434,149,Designer,1945.928600000002,200
1781289659.9983234,166,Nurse,496.1589000000117,200
1781289660.2565892,169,Designer,750.0205000000051,200
1781289660.2565892,167,Electrician,754.2096999999899,200
1781289660.258594,168,Designer,753.8021999999955,200
1781289663.086535,23,Nurse,1896.6529000000492,200
1781289665.1712189,70,Pilot,1665.7347999999956,200
1781289663.5458329,14,Chef,2516.808200000014,200
1781289663.63284,61,Nurse,1732.9171000000088,200
1781289665.3739069,36,Mechanic,3942.9091000000085,200
1781289664.7197824,22,Chef,3548.4726999999907,200
1781289663.5302694,3,Teacher,2701.9052999999644,200
1781289661.6587083,10,Nurse,701.4245999999957,200
1781289665.26267,21,Electrician,4108.806100000038,200
1781289665.745831,48,Chef,4097.939099999962,200
1781289663.5044549,17,Data Scientist,2423.0057999999985,200
1781289664.9778066,37,Electrician,3529.405199999985,200
1781289663.6308346,59,Plumber,1767.7512000000206,200
1781289664.9361231,34,Software Engineer,3540.763599999991,200
1781289664.9828207,7,Designer,4078.2866000000126,200
1781289663.6658647,4,Teacher,2819.7730999999635,200
1781289665.757427,44,Chef,4182.936299999994,200
1781289664.7802505,29,Electrician,3473.621499999979,200
1781289663.6495333,6,Software Engineer,2763.414999999952,200
1781289663.5699058,39,Pilot,2086.2318000000073,200
1781289664.7258086,11,Teacher,3750.897299999963,200
1781289661.513274,0,Electrician,739.9785000000065,200
1781289662.2251496,24,Plumber,1017.4008000000185,200
1781289663.5478408,31,Nurse,2206.993100000034,200
1781289663.7000785,56,Pilot,1891.2334000000328,200
1781289663.8146527,43,Nurse,2257.8452000000198,200
1781289663.6618547,12,Mechanic,2669.0072999999757,200
1781289662.422152,16,Pilot,1358.2426999999484,200
1781289662.9716961,32,Plumber,1612.645500000042,200
1781289663.6844912,50,Pilot,2002.775300000053,200
1781289663.5663,38,Pilot,2101.572600000054,200
1781289661.3322055,1,Pilot,544.710699999996,200
1781289665.6234858,55,Mechanic,3852.568500000018,200
1781289662.2039342,19,Nurse,1087.1250999999802,200
1781289664.747419,25,Electrician,3522.3838,200
1781289663.6804805,5,Chef,2811.808400000018,200
1781289665.7095106,49,Data Scientist,4045.2584999999885,200
1781289665.258658,28,Designer,3969.3485000000237,200
1781289664.8000824,27,Electrician,3536.5171999999916,200
1781289664.7413864,15,Data Scientist,3695.820500000025,200
1781289665.7189555,51,Chef,4019.7678999999766,200
1781289664.944149,85,Pilot,1244.681299999968,200
1781289665.1545186,75,Plumber,1584.204600000021,200
1781289664.7970605,9,Chef,3857.3024000000373,200
1781289665.0010638,20,Mechanic,3866.334600000016,200
1781289661.9635422,2,Chef,1153.013499999986,200
1781289665.4702797,18,Designer,4371.25309999999,200
1781289665.7689638,41,Designer,4249.7927,200
1781289664.7782435,26,Teacher,3533.6520999999834,200
1781289664.9361231,35,Mechanic,3522.7495999999974,200
1781289663.5044549,13,Teacher,2493.21759999998,200
1781289664.9679735,40,Designer,3466.12829999998,200
1781289663.8265018,63,Plumber,1862.5083000000018,200
1781289663.7000785,52,Pilot,1983.4895999999844,200
1781289665.1808867,72,Pilot,1635.850199999993,200
1781289663.64452,30,Plumber,2320.042399999977,200
1781289665.7340887,66,Teacher,3312.2419000000036,200
1781289663.60399,42,Plumber,2066.2712999999826,200
1781289664.7298245,8,Chef,3809.2619999999897,200
1781289665.784536,57,Teacher,3958.346600000027,200
1781289665.7980816,89,Plumber,1079.1995999999813,200
1781289665.8061032,103,Pilot,823.8896999999952,200
1781289665.972974,47,Software Engineer,4344.342500000039,200
1781289666.0719843,109,Plumber,809.0943000000266,200
1781289666.0759995,65,Mechanic,3851.5226999999754,200
1781289666.0795977,45,Designer,4485.575600000004,200
1781289666.0902274,33,Software Engineer,4712.542399999961,200
1781289666.2736332,64,Electrician,4068.7641999999755,200
1781289666.3618536,58,Electrician,4516.988799999979,200
1781289666.4324808,53,Electrician,4697.100700000021,200
1781289666.4422505,68,Mechanic,3356.601600000033,200
1781289666.4522762,46,Chef,4840.6633000000165,200
1781289666.4660735,60,Software Engineer,4584.302100000003,200
1781289666.471836,67,Designer,3498.8053999999806,200
1781289666.505159,104,Nurse,1503.2247999999981,200
1781289666.5061624,94,Plumber,1726.1711999999534,200
1781289666.5081701,62,Teacher,4589.972999999986,200
1781289666.6991289,77,Electrician,3069.405099999983,200
1781289666.7049022,107,Plumber,1523.9420000000337,200
1781289666.7239325,54,Software Engineer,4970.086300000048,200
1781289666.7421227,99,Nurse,1807.0721000000276,200
1781289666.7559004,80,Electrician,3105.631399999993,200
1781289666.7559004,71,Data Scientist,3226.889500000027,200
1781289667.0210452,83,Mechanic,3341.062899999997,200
1781289667.027061,74,Mechanic,3459.3666999999755,200
1781289667.027061,69,Chef,3523.8343000000327,200
1781289667.2111945,73,Teacher,3662.9700999999955,200
1781289667.2407715,87,Mechanic,3425.72100000001,200
1781289667.258571,79,Chef,3614.1742000000363,200
1781289667.266598,130,Plumber,823.1951000000208,200
1781289667.266598,81,Data Scientist,3604.393000000016,200
1781289667.2698424,88,Chef,3443.6145999999894,200
1781289667.3721592,113,Plumber,1662.9606000000194,200
1781289667.3843682,127,Pilot,1109.9170999999615,200
1781289667.4700263,78,Software Engineer,3837.3966999999993,200
1781289667.4851985,76,Chef,3881.0588000000052,200
1781289667.4999516,93,Chef,2752.186199999983,200
1781289667.5082228,91,Teacher,2778.3213999999816,200
1781289667.5162644,128,Pilot,1154.2332000000215,200
1781289667.5436018,84,Designer,3859.128499999997,200
1781289667.5436018,123,Plumber,1472.1736000000192,200
1781289667.5436018,86,Mechanic,3843.264099999999,200
1781289667.6884084,97,Teacher,2888.1283000000053,200
1781289667.7223606,125,Plumber,1643.2382000000416,200
1781289667.7518857,141,Pilot,997.7150999999935,200
1781289667.7914486,82,Software Engineer,4124.998699999992,200
1781289667.806857,92,Designer,3065.9721000000104,200
1781289668.3623967,95,Software Engineer,3581.2781999999856,200
1781289668.4407473,101,Electrician,3473.6849000000234,200
1781289668.5212169,102,Software Engineer,3544.401100000016,200
1781289668.7209928,90,Electrician,3994.495700000016,200
1781289668.7868266,105,Teacher,3632.9570999999987,200
1781289668.7981672,96,Electrician,4001.277200000004,200
1781289668.815997,98,Data Scientist,3880.659700000024,200
1781289668.8333254,149,Pilot,1566.4851999999883,200
1781289668.8487804,108,Chef,3591.172800000038,200
1781289668.9914656,111,Chef,3521.3176000000317,200
1781289669.003524,147,Nurse,1764.5206999999914,200
1781289669.0588295,100,Mechanic,4114.4635,200
1781289669.0766351,106,Data Scientist,3905.2322000000004,200
1781289669.1100502,150,Plumber,1843.5883000000217,200
1781289669.1130984,153,Nurse,1729.6513000000004,200
1781289669.1294627,144,Nurse,2102.520200000015,200
1781289669.1507766,116,Chef,3405.171800000005,200
1781289669.3810215,120,Electrician,3582.4333999999567,200
1781289669.4115376,121,Mechanic,3605.385800000022,200
1781289669.5158646,114,Electrician,3797.501899999986,200
1781289669.525649,110,Data Scientist,4152.790900000014,200
1781289669.529671,119,Teacher,3744.9971000000346,200
1781289669.539437,159,Pilot,1996.6610000000173,200
1781289669.5474617,115,Mechanic,3813.9673000000016,200
1781289669.6911728,118,Chef,3921.78610000002,200
1781289669.790148,112,Chef,4165.518500000018,200
1781289669.8007593,124,Mechanic,3724.7486999999637,200
1781289669.8165448,132,Teacher,3350.1924999999915,200
1781289669.9393768,133,Designer,3467.9362999999626,200
1781289670.0807185,117,Teacher,4323.1373999999505,200
1781289670.1543057,131,Chef,3701.6449000000193,200
1781289670.1720972,122,Electrician,4198.498900000004,200
1781289670.181338,135,Chef,3675.2082999999516,200
1781289670.1893618,138,Designer,3485.2812000000313,200
1781289670.205402,139,Chef,3481.111599999963,200
1781289670.2124128,140,Chef,3468.782200000021,200
1781289670.2164252,126,Teacher,4125.679499999989,200
1781289670.2236228,143,Chef,3201.7812999999933,200
1781289670.2236228,173,Plumber,1406.9202999999675,200
1781289670.2366579,129,Mechanic,3803.8610000000403,200
1781289670.2366579,142,Mechanic,3480.5329000000143,200
1781289670.2467422,137,Software Engineer,3546.3684999999714,200
1781289670.2525015,146,Electrician,3040.2751999999964,200
1781289670.2585223,168,Pilot,1817.4666000000457,200
1781289670.2645385,164,Pilot,2512.6063999999815,200
1781289670.270291,163,Nurse,2548.364500000048,200
1781289670.5064406,136,Designer,3998.896600000023,200
1781289670.5660946,134,Data Scientist,4061.0834000000295,200
1781289670.569528,170,Nurse,1847.9889999999841,200
1781289670.6829698,145,Teacher,3654.50229999999,200
1781289671.0810385,182,Nurse,1951.776499999994,200
1781289671.0970762,176,Nurse,2104.939600000023,200
1781289671.183785,151,Chef,3914.873499999999,200
1781289671.3635106,155,Designer,3877.840400000025,200
1781289671.4657314,162,Designer,3777.1348999999645,200
1781289671.4734945,161,Designer,3930.0360999999953,200
1781289671.5048163,152,Software Engineer,4131.625600000007,200
1781289671.510831,201,Plumber,1305.7407999999668,200
1781289671.5185905,204,Plumber,1295.6360000000018,200
1781289671.5205958,181,Nurse,2407.551899999987,200
1781289671.5226014,160,Software Engineer,3979.381999999987,200
1781289671.676777,209,Plumber,1425.546899999972,200
1781289671.676777,158,Electrician,4161.614799999996,200
1781289671.704955,154,Data Scientist,4235.841300000004,200
1781289671.7109718,167,Designer,3348.2659000000012,200
1781289671.7169907,165,Software Engineer,3926.225199999976,200
1781289671.7189956,156,Designer,4220.073800000023,200
1781289671.7683847,157,Teacher,4259.971699999995,200
1781289671.7844224,198,Nurse,1613.2226999999943,200
1781289671.8687294,214,Plumber,1302.1302999999875,200
1781289671.8902316,148,Designer,4631.457699999999,200
1781289672.0020769,219,Pilot,818.0648999999676,200
1781289672.0040822,206,Nurse,1767.4035000000003,200
1781289672.171234,166,Data Scientist,4364.588799999979,200
1781289672.7497149,174,Designer,3916.4018999999826,200
1781289672.8858151,228,Pilot,1207.9876999999897,200
1781289672.8918428,215,Nurse,2322.7618000000234,200
1781289672.9568868,224,Pilot,1445.8488000000216,200
1781289673.1894677,178,Mechanic,4129.970299999968,200
1781289673.2284398,172,Designer,4429.599200000041,200
1781289673.2428043,225,Plumber,1724.5907000000216,200
1781289673.440132,240,Plumber,1267.1111000000224,200
1781289673.4486637,231,Pilot,1739.1369000000054,200
1781289673.4677277,175,Data Scientist,4617.323100000021,200
1781289673.4754949,188,Data Scientist,3946.438599999965,200
1781289673.6556258,171,Electrician,4869.191300000011,200
1781289673.6734347,179,Electrician,4597.166500000014,200
1781289673.72464,190,Chef,4176.357300000007,200
1781289673.9876854,184,Software Engineer,4606.822399999999,200
1781289674.0244257,183,Electrician,4873.379600000021,200
1781289674.1178327,187,Data Scientist,4590.921700000024,200
1781289674.1296146,180,Data Scientist,5019.9404999999615,200
1781289674.1416624,169,Chef,5620.054900000014,200
1781289674.169508,227,Pilot,2646.2232000000085,200
1781289674.1836152,195,Teacher,4243.682700000022,200
1781289674.191388,193,Teacher,4389.892299999985,200
1781289674.2054546,185,Teacher,4794.745799999987,200
1781289674.2194996,186,Chef,4703.439000000003,200
1781289674.2377493,207,Data Scientist,3999.3281999999795,200
1781289674.2487795,200,Mechanic,4058.415499999967,200
1781289674.251787,177,Software Engineer,5246.996100000047,200
1781289674.2771115,199,Software Engineer,4095.689200000038,200
1781289674.3246963,192,Software Engineer,4534.3345,200
1781289674.3246963,203,Electrician,4108.544000000052,200
1781289674.3246963,208,Chef,4077.829099999974,200
1781289674.3246963,210,Designer,4065.6285000000025,200
1781289674.3304558,197,Electrician,4177.514699999961,200
1781289674.344496,211,Chef,4079.463999999973,200
1781289674.3522677,205,Data Scientist,4128.880600000002,200
1781289674.3639846,212,Chef,4092.4810999999863,200
1781289674.3745785,202,Software Engineer,4162.860800000033,200
1781289674.3874426,196,Software Engineer,4306.381700000031,200
1781289674.3924634,216,Designer,3710.01160000003,200
1781289674.396676,189,Chef,4857.223500000032,200
1781289674.410871,191,Designer,4719.937899999991,200
1781289674.412878,194,Teacher,4596.625099999983,200
1781289674.412878,213,Electrician,3907.1449000000484,200
1781289674.4188957,232,Pilot,2701.3187000000016,200
1781289674.4239163,242,Nurse,1537.8833999999983,200
1781289674.4239163,247,Nurse,1180.8272999999758,200
1781289674.4379594,241,Plumber,1689.2328000000134,200
1781289674.8445315,222,Teacher,3370.7575999999904,200
1781289674.877818,223,Software Engineer,3373.689899999988,200
1781289675.1445837,229,Software Engineer,3466.4374999999836,200
1781289675.2893243,221,Chef,3824.6050000000196,200
1781289675.4196336,220,Chef,4056.0310999999842,200
1781289675.6629093,237,Software Engineer,3772.4734999999896,200
1781289675.6729324,226,Designer,4151.549799999998,200
1781289675.6983573,230,Mechanic,3992.1677000000386,200
1781289675.7073684,235,Mechanic,3921.5067999999746,200
1781289675.7143862,239,Designer,3710.3204000000005,200
1781289675.723552,238,Designer,3720.2128999999786,200
1781289675.73057,218,Data Scientist,4632.360199999994,200
1781289675.7386472,217,Mechanic,4657.69929999999,200
1781289675.794008,252,Teacher,2138.544500000023,200
1781289675.7997653,251,Software Engineer,2322.4537000000396,200
1781289675.8128047,246,Teacher,2585.723499999972,200
1781289675.8178244,245,Mechanic,2628.355899999974,200
1781289675.819829,270,Nurse,1495.60630000002,200
1781289675.8238387,275,Nurse,1471.7752999999902,200
1781289675.8298514,261,Nurse,1647.0846999999935,200
1781289675.8376102,234,Mechanic,4068.2204999999954,200
1781289675.8396153,236,Software Engineer,3971.1619999999925,200
1781289675.8436253,233,Electrician,4124.439499999994,200
1781289675.8749664,260,Nurse,1706.5207999999643,200
1781289675.8769734,268,Pilot,1599.65219999998,200
1781289676.0073905,249,Software Engineer,2557.3613999999907,200
1781289676.2714212,243,Teacher,3379.321300000015,200
1781289676.273435,244,Mechanic,3317.0882999999662,200
1781289676.2862341,276,Plumber,1922.7081000000226,200
1781289676.2882457,248,Teacher,2847.997599999985,200
1781289676.5844684,250,Teacher,3116.6604999999663,200
1781289676.5844684,269,Nurse,2260.483499999964,200
1781289676.5844684,253,Data Scientist,2911.9580999999926,200
1781289676.7107067,255,Mechanic,2726.358800000014,200
1781289676.7107067,257,Chef,2598.492399999998,200
1781289676.822324,277,Teacher,2447.9652999999644,200
1781289676.822324,278,Chef,2436.754800000017,200
1781289676.825869,281,Chef,2415.999999999997,200
1781289676.8286784,283,Chef,2415.247299999976,200
1781289676.8307483,279,Mechanic,2437.541899999985,200
1781289676.833997,262,Data Scientist,2642.974199999969,200
1781289676.833997,282,Data Scientist,2421.516600000018,200
1781289676.841627,280,Designer,2443.8647999999716,200
1781289676.842819,274,Data Scientist,2497.7848000000336,200
1781289676.8494902,263,Designer,2642.3541999999998,200
1781289676.8494902,264,Teacher,2629.366300000015,200
1781289676.8494902,271,Electrician,2525.1020999999696,200
1781289676.8494902,258,Data Scientist,2720.217899999966,200
1781289676.851496,254,Software Engineer,3126.6880000000015,200
1781289676.853501,256,Data Scientist,2831.6737000000103,200
1781289676.8573227,266,Teacher,2607.5828999999544,200
1781289676.8573227,272,Software Engineer,2533.018400000003,200
1781289676.8588428,267,Software Engineer,2608.0681000000254,200
1781289676.8588428,259,Designer,2717.804899999976,200
1781289676.8608477,273,Electrician,2528.6274999999705,200
1781289676.8608477,265,Teacher,2623.3091999999942,200
1781289681.4955785,108,Nurse,1520.6334000000084,200
1781289678.9339776,7,Pilot,1495.940399999995,200
1781289681.5310352,98,Plumber,2636.985299999992,200
1781289677.8015745,0,Nurse,457.11490000002186,200
1781289682.1293237,118,Plumber,1385.4077999999959,200
1781289678.8996923,12,Pilot,1397.0906999999784,200
1781289680.358272,65,Nurse,2145.5669000000057,200
1781289680.498971,47,Pilot,2517.0635999999718,200
1781289678.694276,34,Pilot,899.4954000000348,200
1781289680.5819783,52,Nurse,2535.763999999972,200
1781289678.3474264,18,Nurse,768.5499000000391,200
1781289680.6265554,57,Pilot,2515.974700000015,200
1781289679.4110198,48,Plumber,1415.1623999999856,200
1781289678.9359844,28,Pilot,1225.7199000000014,200
1781289679.8388388,61,Nurse,1676.764999999989,200
1781289678.190249,3,Plumber,804.5763000000079,200
1781289679.4748425,41,Plumber,1571.1847000000034,200
1781289678.1451323,1,Electrician,786.2094000000184,200
1781289678.1751082,11,Plumber,685.6175000000349,200
1781289681.0242136,111,Pilot,665.7018000000221,200
1781289680.7899616,101,Nurse,1856.4263000000096,200
1781289680.812134,103,Pilot,1857.4780000000146,200
1781289680.8470044,82,Pilot,2419.094100000052,200
1781289681.5583365,99,Plumber,2658.9938999999845,200
1781289678.2671785,2,Chef,903.033999999991,200
1781289678.7793183,38,Nurse,915.3914999999984,200
1781289681.7974203,119,Nurse,1025.8302999999955,200
1781289680.7448523,60,Pilot,2595.487800000001,200
1781289681.407059,104,Pilot,2077.1444000000088,200
1781289679.9754512,59,Nurse,1838.0193000000418,200
1781289680.2930694,46,Nurse,2323.1316000000106,200
1781289678.9025462,6,Plumber,1478.0463999999824,200
1781289678.9542198,33,Pilot,1172.867800000006,200
1781289680.4566352,76,Plumber,2103.5471000000143,200
1781289681.030242,100,Nurse,2126.829500000042,200
1781289678.4803753,21,Plumber,863.2115999999996,200
1781289680.7704818,70,Pilot,2494.492100000002,200
1781289682.1089566,114,Pilot,1574.4649999999751,200
1781289680.5331626,68,Plumber,2283.234900000025,200
1781289678.893679,40,Nurse,1001.8951999999786,200
1781289682.0948622,120,Plumber,1304.9666999999658,200
1781289680.235665,64,Nurse,2036.2198999999919,200
1781289678.335114,15,Nurse,797.1774999999752,200
1781289680.711994,58,Pilot,2588.413800000012,200
1781289678.335114,10,Teacher,861.5282999999749,200
1781289678.8540175,39,Pilot,976.0734000000184,200
1781289678.3412066,14,Nurse,813.6447999999632,200
1781289679.330696,13,Plumber,1815.1651999999672,200
1781289682.744982,125,Plumber,1338.2273000000282,200
1781289682.7510004,32,Electrician,4983.264299999973,200
1781289683.0221546,20,Software Engineer,5416.4131,200
1781289683.027167,9,Teacher,5563.560900000028,200
1781289683.0335195,16,Chef,5479.686399999991,200
1781289683.041548,27,Electrician,5344.351500000016,200
1781289683.0507119,45,Mechanic,5094.267300000012,200
1781289683.0678196,8,Data Scientist,5617.383899999993,200
1781289683.1004503,36,Electrician,5280.982799999947,200
1781289683.1004503,24,Designer,5443.296400000008,200
1781289683.1004503,5,Chef,5689.266400000008,200
1781289683.1160405,31,Data Scientist,5360.939299999984,200
1781289683.126081,26,Chef,5442.825400000003,200
1781289683.1356058,42,Electrician,5217.77579999997,200
1781289683.17065,29,Designer,5442.430600000023,200
1781289683.2021801,30,Data Scientist,5459.790600000019,200
1781289683.2929604,17,Chef,5726.041900000041,200
1781289683.3196106,44,Software Engineer,5374.940100000003,200
1781289683.3493207,49,Chef,5340.951000000018,200
1781289683.3543367,43,Data Scientist,5423.415999999975,200
1781289683.3813035,50,Electrician,5360.103900000013,200
1781289683.3974156,23,Chef,5752.472299999965,200
1781289683.4224753,89,Chef,4903.378599999996,200
1781289683.5331683,22,Teacher,5902.137600000004,200
1781289683.5709836,4,Chef,6171.915399999989,200
1781289683.5842018,85,Teacher,5116.993799999989,200
1781289683.629735,66,Teacher,5404.044999999996,200
1781289683.6556003,67,Data Scientist,5418.400200000007,200
1781289683.680277,19,Mechanic,6086.949500000002,200
1781289683.72677,25,Chef,6056.286799999953,200
1781289683.8484876,35,Mechanic,6043.078900000011,200
1781289683.9543374,72,Teacher,5652.193799999964,200
1781289683.9841397,51,Mechanic,5950.160600000004,200
1781289684.0219636,74,Mechanic,5693.3626,200
1781289684.045067,69,Teacher,5780.878099999995,200
1781289684.0686247,137,Plumber,1036.0157999999728,200
1781289684.344245,77,Electrician,5979.44050000001,200
1781289684.3560479,138,Nurse,1316.0585000000538,200
1781289684.3670847,135,Plumber,1344.9296000000004,200
1781289684.5877864,37,Data Scientist,6756.0627000000295,200
1781289684.6113138,90,Mechanic,6080.7418999999645,200
1781289684.6138191,146,Pilot,1479.0543000000298,200
1781289684.6238408,81,Chef,6208.090300000038,200
1781289684.6773844,71,Data Scientist,6388.858699999957,200
1781289684.7225165,79,Data Scientist,6333.973200000002,200
1781289684.7384863,54,Designer,6665.175299999987,200
1781289684.76487,159,Nurse,1135.5432999999948,200
1781289684.7792554,55,Designer,6693.644200000052,200
1781289684.7946637,73,Teacher,6478.341100000023,200
1781289684.808891,161,Plumber,1128.9090000000215,200
1781289684.8202555,97,Teacher,5965.157900000008,200
1781289684.8391173,92,Chef,6281.386600000019,200
1781289684.8499322,53,Software Engineer,6789.829200000042,200
1781289684.8528025,56,Chef,6754.26010000001,200
1781289684.8584535,166,Pilot,836.0574999999812,200
1781289684.862054,83,Designer,6424.082599999963,200
1781289684.881536,86,Designer,6402.325299999973,200
1781289684.8849208,63,Designer,6696.849299999996,200
1781289685.055018,80,Teacher,6652.070200000026,200
1781289685.296385,93,Data Scientist,6724.960200000055,200
1781289685.4165123,75,Mechanic,7075.3071999999975,200
1781289685.5218513,88,Software Engineer,7016.994900000043,200
1781289685.5805383,96,Data Scientist,6799.62489999997,200
1781289685.7853358,87,Electrician,7293.654599999968,200
1781289685.797363,91,Designer,7253.096900000002,200
1781289685.8309333,94,Data Scientist,7248.487000000012,200
1781289685.8539593,105,Designer,6443.521300000043,200
1781289685.9235759,110,Software Engineer,5630.22589999997,200
1781289685.9285986,78,Data Scientist,7551.865499999963,200
1781289685.9346163,112,Designer,5479.291799999999,200
1781289685.93863,122,Mechanic,5091.795200000035,200
1781289685.9581604,107,Designer,6119.2131000000245,200
1781289685.9621778,116,Data Scientist,5334.603399999992,200
1781289685.9682093,95,Mechanic,7274.553799999978,200
1781289685.9819474,121,Designer,5169.355900000028,200
1781289685.995151,126,Chef,4499.230399999988,200
1781289686.0086749,123,Mechanic,4984.94740000001,200
1781289686.0101883,127,Designer,4480.481500000053,200
1781289686.0142162,109,Teacher,5778.527199999985,200
1781289686.0385056,102,Designer,7104.326900000046,200
1781289686.0575058,113,Mechanic,5558.364199999971,200
1781289686.0665457,106,Designer,6590.216399999974,200
1781289686.0705755,128,Designer,4512.968999999998,200
1781289686.072584,117,Teacher,5359.931699999947,200
1781289686.0894003,124,Chef,5059.102199999984,200
1781289686.0894003,129,Data Scientist,4291.789100000016,200
1781289686.1109204,171,Plumber,1742.9394000000116,200
1781289686.112433,84,Data Scientist,7659.493600000019,200
1781289686.1259935,62,Software Engineer,7950.970700000027,200
1781289686.4699962,115,Software Engineer,5886.924799999974,200
1781289686.4933147,175,Plumber,1869.2652000000294,200
1781289686.632541,182,Nurse,1823.1304999999907,200
1781289687.295128,188,Nurse,2429.715999999985,200
1781289687.4459214,197,Plumber,1649.0009999999984,200
1781289687.4859178,167,Designer,3440.185299999996,200
1781289687.6376524,149,Mechanic,4346.284500000024,200
1781289687.641642,202,Nurse,1705.4665,200
1781289687.654069,141,Chef,4554.582100000005,200
1781289687.656854,142,Designer,4557.606399999997,200
1781289687.6621616,212,Pilot,1630.0810000000183,200
1781289687.6888292,219,Nurse,1578.0341999999905,200
1781289687.8179982,221,Nurse,1693.0811999999946,200
1781289688.034453,131,Software Engineer,5925.903000000006,200
1781289688.0589228,222,Plumber,1589.0416999999957,200
1781289688.0764956,213,Plumber,2018.9675999999963,200
1781289688.141668,140,Software Engineer,5074.901899999986,200
1781289688.2363656,158,Chef,4653.303600000016,200
1781289688.254147,148,Teacher,5053.099599999996,200
1781289688.2828252,136,Data Scientist,5256.123499999944,200
1781289688.2916193,163,Software Engineer,4443.070200000022,200
1781289688.330271,150,Software Engineer,5010.893300000021,200
1781289688.330271,133,Software Engineer,5584.30130000005,200
1781289688.330271,169,Designer,3986.0929999999826,200
1781289688.330271,153,Electrician,4949.248000000011,200
1781289688.3520887,154,Teacher,4954.324399999961,200
1781289688.3601303,162,Mechanic,4634.185899999977,200
1781289688.3719094,151,Designer,5023.24329999999,200
1781289688.37593,164,Electrician,4420.31129999998,200
1781289688.3875518,157,Mechanic,4816.151900000023,200
1781289688.3875518,156,Teacher,4854.115100000001,200
1781289688.3973503,160,Chef,4739.820899999984,200
1781289688.4204342,134,Teacher,5669.250299999987,200
1781289688.422439,155,Designer,5000.668200000007,200
1781289688.428468,168,Data Scientist,4358.718699999998,200
1781289688.4324887,152,Designer,5078.4070000000265,200
1781289688.4469132,165,Mechanic,4463.086599999997,200
1781289688.46199,145,Teacher,5335.881700000016,200
1781289688.4781306,170,Software Engineer,4120.640000000038,200
1781289688.4861515,130,Data Scientist,6390.58,200
1781289688.5073502,143,Software Engineer,5405.42959999999,200
1781289688.5113645,139,Data Scientist,5460.779800000011,200
1781289688.5133734,147,Teacher,5342.974400000003,200
1781289688.782941,132,Electrician,6653.493700000013,200
1781289688.9212644,144,Designer,5804.7771999999895,200
1781289689.6942217,238,Plumber,1551.5353999999775,200
1781289689.8170748,229,Pilot,2176.261399999987,200
1781289690.106547,189,Software Engineer,5225.188800000013,200
1781289690.369355,239,Plumber,2131.3878000000273,200
1781289690.3851147,263,Plumber,1872.6369000000318,200
1781289690.3871207,184,Electrician,5547.830200000021,200
1781289690.3993716,179,Designer,5633.855100000005,200
1781289690.4240224,248,Pilot,2063.4003999999777,200
1781289690.4253652,172,Teacher,5836.303300000054,200
1781289690.42852,257,Pilot,1995.104700000013,200
1781289690.9517708,199,Electrician,5097.764200000029,200
1781289690.9517708,178,Electrician,6214.494500000001,200
1781289690.9537816,173,Software Engineer,6340.470900000014,200
1781289690.9537816,266,Plumber,2032.4670999999626,200
1781289690.9537816,267,Plumber,1259.8707999999874,200
1781289690.957538,265,Plumber,2173.162599999955,200
1781289690.9595444,174,Software Engineer,6345.453700000007,200
1781289691.1118999,196,Teacher,5325.963000000002,200
1781289691.208942,187,Software Engineer,6351.3523000000305,200
1781289691.3035822,190,Data Scientist,6418.584400000043,200
1781289691.3055933,191,Chef,6250.275499999987,200
1781289691.3096125,181,Teacher,6515.583599999956,200
1781289691.3186693,177,Electrician,6596.414000000039,200
1781289691.3391685,186,Chef,6486.709899999994,200
1781289691.3451834,220,Chef,5232.816100000036,200
1781289691.361197,205,Teacher,5399.781099999984,200
1781289691.3752594,200,Mechanic,5451.380599999993,200
1781289691.3821895,201,Software Engineer,5453.939199999979,200
1781289691.3902297,214,Data Scientist,5323.612299999979,200
1781289691.3942432,215,Teacher,5323.414899999989,200
1781289691.4002802,176,Designer,6722.763300000053,200
1781289691.4185526,192,Software Engineer,6122.854200000006,200
1781289691.4210663,208,Designer,5426.079600000037,200
1781289691.42771,198,Mechanic,5595.474300000034,200
1781289691.4377372,223,Software Engineer,4945.207100000005,200
1781289691.44861,194,Designer,5926.026700000022,200
1781289691.4827392,193,Chef,6067.23310000001,200
1781289691.4827392,210,Designer,5472.308199999987,200
1781289691.4847472,204,Designer,5525.826900000027,200
1781289691.4847472,211,Data Scientist,5470.305100000019,200
1781289691.4847472,203,Data Scientist,5546.311399999979,200
1781289691.4867563,207,Designer,5504.751899999974,200
1781289691.488768,224,Mechanic,4856.977299999982,200
1781289691.5012693,209,Data Scientist,5492.060199999969,200
1781289691.5108142,195,Software Engineer,5929.957000000002,200
1781289691.5185916,218,Electrician,5430.5032999999985,200
1781289691.5271332,217,Teacher,5438.797800000031,200
1781289691.540693,216,Software Engineer,5468.037900000013,200
1781289691.5427017,180,Chef,6764.907200000039,200
1781289691.5633776,185,Teacher,6713.1116000000475,200
1781289691.5667148,233,Chef,3877.6818999999705,200
1781289691.5719802,183,Chef,6751.3553,200
1781289691.6912255,228,Designer,4051.476799999989,200
1781289691.7290876,227,Software Engineer,4244.582499999979,200
1781289691.7992947,226,Mechanic,4352.602399999967,200
1781289691.8969824,206,Software Engineer,5928.025999999989,200
1781289691.9055033,231,Teacher,4246.446499999991,200
1781289692.5158453,225,Data Scientist,5220.923600000049,200
1781289692.532135,288,Nurse,1222.1091000000115,200
1781289692.6261318,280,Nurse,1672.9071999999974,200
1781289692.752756,300,Nurse,1325.08660000002,200
1781289693.0056722,284,Pilot,1894.1237999999885,200
1781289693.0354738,304,Pilot,1551.221699999985,200
1781289693.0684037,299,Nurse,1646.6474999999718,200
1781289693.0841925,292,Pilot,1722.1609000000058,200
1781289693.09936,306,Pilot,1614.7075000000086,200
1781289693.1111348,277,Plumber,2159.564400000022,200
1781289693.2702231,293,Nurse,1896.1239999999862,200
1781289693.4865565,308,Plumber,2000.8350999999607,200
1781289693.5293527,285,Pilot,2320.2812999999765,200
1781289693.5532553,297,Pilot,2151.502800000003,200
1781289693.5532553,307,Nurse,2067.452000000003,200
1781289693.5684028,309,Pilot,2078.7172000000282,200
1781289693.5844445,316,Nurse,2021.3313000000426,200
1781289693.9155955,247,Chef,5563.977399999999,200
1781289693.919543,244,Chef,5589.199399999984,200
1781289693.925244,301,Plumber,2487.06820000001,200
1781289694.0021067,232,Software Engineer,6332.245699999987,200
1781289694.0141683,235,Teacher,5980.399499999976,200
1781289694.0203612,315,Pilot,2476.9082000000253,200
1781289694.3955047,321,Pilot,2594.9666000000207,200
1781289694.475851,240,Software Engineer,6220.016799999996,200
1781289694.477858,259,Electrician,6014.557599999989,200
1781289694.484876,255,Software Engineer,6061.258699999997,200
1781289694.59837,253,Mechanic,6202.409100000012,200
1781289694.6883557,260,Mechanic,6210.337400000015,200
1781289694.8451881,254,Chef,6423.747699999978,200
1781289694.8610854,241,Mechanic,6578.812900000003,200
1781289694.8711243,262,Software Engineer,6365.107799999976,200
1781289694.9044244,250,Chef,6528.394200000037,200
1781289694.9238331,245,Software Engineer,6594.3670999999995,200
1781289694.931861,246,Teacher,6601.0221999999885,200
1781289694.9537024,256,Teacher,6525.216300000011,200
1781289694.961955,237,Electrician,6884.624900000006,200
1781289694.9743748,252,Software Engineer,6585.891800000013,200
1781289695.0022175,230,Software Engineer,7348.056600000007,200
1781289695.0163243,264,Electrician,6502.496800000017,200
1781289695.0208013,243,Software Engineer,6691.443300000003,200
1781289695.0394776,258,Designer,6591.986999999961,200
1781289695.0495036,261,Teacher,6563.968699999976,200
1781289695.0565221,242,Designer,6763.93680000001,200
1781289695.0645444,249,Electrician,6691.434700000002,200
1781289695.0700333,268,Chef,5253.081900000041,200
1781289695.0760555,330,Nurse,2008.7578999999778,200
1781289695.082085,236,Chef,7024.12529999998,200
1781289695.115976,322,Pilot,3220.1999000000114,200
1781289695.2335963,274,Mechanic,4808.520600000009,200
1781289695.2335963,234,Electrician,7414.305599999978,200
1781289695.3343282,338,Nurse,1780.7088000000135,200
1781289695.398099,251,Data Scientist,7010.300599999993,200
1781289695.4411633,329,Pilot,2405.748899999992,200
1781289695.488665,340,Nurse,1903.8219000000254,200
1781289695.6588378,276,Software Engineer,5230.365699999993,200
1781289695.8524399,344,Nurse,1850.2439000000095,200
1781289695.9840353,336,Pilot,2454.2971000000193,200
1781289696.5389452,362,Nurse,1535.571799999957,200
1781289696.5828187,348,Pilot,2107.4098999999933,200
1781289696.5958536,365,Pilot,1557.3865999999725,200
1781289696.6079764,367,Plumber,1552.045000000021,200
1781289696.6237643,359,Nurse,1671.337699999981,200
1781289696.8142323,372,Plumber,1697.269800000015,200
1781289696.835908,275,Designer,6411.345299999994,200
1781289696.8419251,272,Designer,6455.291400000022,200
1781289696.847683,269,Designer,6741.362700000025,200
1781289696.8614624,282,Designer,5904.499199999975,200
1781289696.875516,289,Software Engineer,5555.0268999999735,200
1781289696.8843176,377,Plumber,1443.3533000000125,200
1781289696.9446304,361,Pilot,1970.4624000000308,200
1781289696.948163,358,Nurse,2016.1444999999958,200
1781289697.0478623,350,Plumber,2563.3604999999875,200
1781289697.093168,279,Chef,6139.4793000000045,200
1781289697.1069481,287,Data Scientist,5801.274999999976,200
1781289697.110968,291,Mechanic,5763.829499999985,200
1781289697.1138558,281,Electrician,6159.9268999999595,200
1781289697.1228776,381,Nurse,1138.8947000000371,200
1781289697.1283967,278,Software Engineer,6176.542100000006,200
1781289697.139826,273,Designer,6740.380399999993,200
1781289697.1448963,270,Chef,6775.337199999967,200
1781289697.6690543,295,Data Scientist,6278.294899999992,200
1781289697.6690543,283,Mechanic,6708.372999999994,200
1781289697.6808534,290,Software Engineer,6341.392599999949,200
1781289697.7272243,271,Electrician,7342.0545000000175,200
1781289697.7410457,379,Plumber,2081.5534000000184,200
1781289697.7485921,286,Chef,6446.208099999978,200
1781289697.7533054,294,Teacher,6369.724000000019,200
1781289697.7593393,298,Electrician,6340.417599999966,200
1781289697.7764087,303,Data Scientist,6292.569200000003,200
1781289697.7945633,296,Data Scientist,6399.756299999979,200
1781289697.7975707,302,Mechanic,6348.567299999957,200
1781289697.7985728,317,Chef,6233.214999999973,200
1781289697.8006845,312,Software Engineer,6281.680499999993,200
1781289697.812754,311,Software Engineer,6301.792999999975,200
1781289697.8185205,310,Chef,6317.4703000000245,200
1781289697.8305972,326,Teacher,5204.977100000007,200
1781289697.834612,305,Mechanic,6350.3592000000135,200
1781289698.088235,323,Chef,6182.700400000044,200
1781289698.0942528,325,Software Engineer,5562.869999999975,200
1781289698.1080317,333,Mechanic,4996.266899999966,200
1781289698.1230543,332,Software Engineer,5023.747399999991,200
1781289698.1348422,327,Data Scientist,5381.500899999992,200
1781289698.1408582,331,Chef,5057.9662999999755,200
1781289698.1488793,328,Software Engineer,5144.0202,200
1781289698.1488793,324,Designer,5633.922499999982,200
1781289698.1548958,343,Mechanic,4230.375900000013,200
1781289698.162654,337,Electrician,4609.859700000015,200
1781289698.170673,341,Teacher,4254.568300000017,200
1781289698.1756487,334,Software Engineer,4904.44130000003,200
1781289698.1816611,342,Data Scientist,4261.523400000044,200
1781289698.1816611,393,Nurse,1297.9343000000085,200
1781289698.1836655,320,Teacher,6453.390099999979,200
1781289698.187673,319,Mechanic,6496.305099999972,200
1781289698.3534162,352,Software Engineer,3665.6773999999928,200
1781289698.355421,388,Pilot,1519.4531999999867,200
1781289698.3594353,356,Teacher,3455.07520000001,200
1781289698.3594353,318,Teacher,6788.338999999951,200
1781289698.36319,313,Data Scientist,6834.591600000011,200
1781289698.4726753,347,Software Engineer,4078.2404999999926,200
1781289698.4726753,366,Mechanic,3424.1151000000514,200
1781289698.474679,360,Chef,3512.8831000000105,200
1781289698.4766843,370,Mechanic,3399.7426999999902,200
1781289698.4766843,351,Software Engineer,3877.712400000007,200
1781289698.4786906,363,Chef,3460.9920999999986,200
1781289698.4786906,364,Electrician,3457.8386000000023,200
1781289698.482702,314,Data Scientist,6942.628099999979,200
1781289698.484707,339,Software Engineer,4916.616099999999,200
1781289698.4884558,384,Pilot,1892.2288999999637,200
1781289698.4904616,335,Mechanic,5003.256899999997,200
1781289698.4924667,346,Electrician,4471.4126999999735,200
1781289698.706285,375,Electrician,3373.127899999986,200
1781289698.7079847,368,Data Scientist,3644.218799999976,200
1781289698.7079847,386,Chef,2084.74659999996,200
1781289698.7079847,373,Designer,3477.9060000000186,200
1781289698.7123535,376,Mechanic,3314.8956,200
1781289698.7123535,378,Mechanic,3226.5174000000343,200
1781289698.7123535,385,Designer,2106.6911000000346,200
1781289698.7123535,369,Chef,3646.0723000000144,200
1781289698.7182152,380,Software Engineer,2865.7472999999527,200
1781289698.7182152,345,Electrician,4703.267900000014,200
1781289698.7182152,357,Designer,3793.9345000000344,200
1781289698.8852887,392,Data Scientist,2009.9826000000007,200
1781289698.887366,383,Software Engineer,2304.014499999994,200
1781289698.8894804,389,Mechanic,2046.5270999999916,200
1781289698.8894804,382,Software Engineer,2350.5747000000383,200
1781289698.890522,390,Electrician,2041.7545999999902,200
1781289698.8926015,394,Mechanic,1951.5526000000136,200
1781289698.8926015,349,Mechanic,4425.4345999999605,200
1781289698.8926015,371,Electrician,3821.5126000000055,200
1781289698.8926015,374,Data Scientist,3671.5044000000034,200
1781289698.8926015,353,Data Scientist,4061.1122999999907,200
1781289698.8926015,354,Software Engineer,4044.666399999983,200
1781289698.9084058,355,Data Scientist,4037.7634999999827,200
1781289698.9084058,387,Data Scientist,2097.182000000032,200
1781289698.9084058,391,Chef,2049.5075000000043,200
1781289701.7135053,50,Nurse,1548.7362000000076,200
1781289701.3620567,26,Pilot,1454.3704999999818,200
1781289700.5691478,0,Teacher,926.1791999999787,200
1781289701.734585,36,Pilot,1722.2277999999847,200
1781289704.4677372,96,Plumber,3833.8764000000083,200
1781289701.356122,22,Pilot,1489.8866999999996,200
1781289701.2061667,11,Plumber,1450.8543999999688,200
1781289701.0770228,7,Plumber,1362.5051999999869,200
1781289703.7401674,102,Pilot,3035.1843999999915,200
1781289702.4973748,77,Pilot,2056.0332999999673,200
1781289701.2356203,16,Plumber,1430.0859999999602,200
1781289701.4073887,32,Plumber,1436.6984000000116,200
1781289702.2153656,68,Plumber,1867.948799999965,200
1781289702.8975022,80,Pilot,2424.7536999999966,200
1781289704.2136726,114,Plumber,2959.587299999953,200
1781289703.3566594,84,Plumber,2843.810899999994,200
1781289702.4801788,74,Nurse,2069.4963999999914,200
1781289701.5586908,6,Pilot,1854.464699999994,200
1781289701.62932,33,Nurse,1648.8284000000135,200
1781289702.2838314,71,Plumber,1905.31969999995,200
1781289702.464483,61,Pilot,2186.7434999999773,200
1781289704.207539,116,Plumber,2845.1603999999975,200
1781289704.4372623,128,Nurse,2151.7010000000028,200
1781289701.548123,28,Pilot,1619.0384000000222,200
1781289701.2538774,17,Pilot,1438.7447000000293,200
1781289701.7415037,38,Nurse,1711.3081999999622,200
1781289701.649948,44,Pilot,1559.3198000000257,200
1781289704.5183954,124,Plumber,2803.730900000005,200
1781289701.6929276,39,Nurse,1650.7148999999686,200
1781289701.6929276,8,Nurse,1969.0648000000124,200
1781289702.3962388,70,Plumber,2027.2009000000253,200
1781289703.3546548,95,Pilot,2732.1011999999882,200
1781289702.4780693,81,Pilot,1994.6363999999903,200
1781289703.304413,83,Pilot,2800.4965000000084,200
1781289703.8947752,101,Nurse,3199.373699999967,200
1781289704.8964763,108,Plumber,4126.197400000024,200
1781289705.035999,13,Data Scientist,5261.8613000000205,200
1781289705.37839,133,Pilot,2879.494500000021,200
1781289705.37839,136,Pilot,2022.9285000000345,200
1781289705.388423,9,Designer,5654.238599999985,200
1781289705.3941855,48,Teacher,5260.231599999997,200
1781289705.47137,3,Teacher,5797.639100000026,200
1781289705.5059533,40,Software Engineer,5453.0770000000075,200
1781289705.518985,62,Electrician,5231.025799999998,200
1781289705.5421355,14,Chef,5756.632299999978,200
1781289705.5765514,37,Mechanic,5554.692600000009,200
1781289706.2016392,18,Electrician,6376.404600000001,200
1781289706.4598382,143,Pilot,1993.350200000009,200
1781289706.625054,15,Chef,6829.683100000011,200
1781289706.681431,10,Software Engineer,6936.884299999974,200
1781289706.704525,34,Software Engineer,6713.365699999997,200
1781289706.7082758,146,Nurse,1672.0763000000147,200
1781289706.712298,1,Data Scientist,7059.512299999995,200
1781289706.7409587,23,Designer,6864.76719999996,200
1781289706.7705414,54,Data Scientist,6565.236499999969,200
1781289706.7923534,12,Electrician,7027.614599999993,200
1781289706.808138,30,Designer,6857.633399999997,200
1781289706.8385646,19,Software Engineer,7002.516000000014,200
1781289706.9499147,5,Chef,7256.181599999991,200
1781289706.9621093,60,Chef,6694.866399999966,200
1781289706.9781766,46,Teacher,6865.296900000032,200
1781289707.0037508,31,Mechanic,7043.413999999984,200
1781289707.0287797,67,Software Engineer,6691.832599999998,200
1781289707.0478694,2,Software Engineer,7385.615499999972,200
1781289707.0694423,73,Designer,6670.404899999994,200
1781289707.079484,25,Software Engineer,7182.237000000043,200
1781289707.1128097,53,Data Scientist,6918.295499999999,200
1781289707.1739628,29,Designer,7235.023000000012,200
1781289707.2703497,65,Electrician,6952.8797000000395,200
1781289707.4111621,41,Mechanic,7349.188499999968,200
1781289707.4879808,43,Electrician,7404.251900000019,200
1781289707.535191,21,Mechanic,7678.489899999988,200
1781289707.56905,24,Designer,7681.616399999995,200
1781289707.5828342,66,Mechanic,7256.225599999993,200
1781289707.6019893,35,Teacher,7599.919900000032,200
1781289707.611014,47,Designer,7487.8879000000325,200
1781289707.646561,63,Electrician,7348.8752000000095,200
1781289707.6801279,42,Electrician,7607.207299999971,200
1781289707.6939175,45,Teacher,7589.625600000034,200
1781289707.711992,64,Data Scientist,7404.692899999986,200
1781289707.7367232,56,Electrician,7510.814799999991,200
1781289707.7605422,58,Teacher,7513.075200000003,200
1781289707.7739959,57,Teacher,7536.995699999978,200
1781289707.7908726,27,Designer,7871.899600000006,200
1781289707.8212671,52,Chef,7635.693300000014,200
1781289707.8564446,72,Electrician,7468.036500000039,200
1781289707.862208,69,Data Scientist,7504.563599999983,200
1781289707.8913186,78,Teacher,7438.612200000023,200
1781289707.9867165,79,Data Scientist,7523.575900000025,200
1781289707.992828,88,Software Engineer,7438.824199999999,200
1781289708.0121527,75,Teacher,7591.336499999954,200
1781289708.034418,20,Data Scientist,8187.987499999963,200
1781289708.0570822,4,Teacher,8372.908499999994,200
1781289708.0688558,49,Mechanic,7917.142799999965,200
1781289708.0866437,85,Teacher,7562.19550000003,200
1781289708.1121922,94,Designer,7499.116099999981,200
1781289708.146101,149,Nurse,2757.284700000014,200
1781289708.2401276,55,Software Engineer,8023.645799999997,200
1781289708.3628428,150,Plumber,2968.5890000000086,200
1781289708.5062628,91,Chef,7923.316699999987,200
1781289708.5062628,51,Electrician,8331.494700000007,200
1781289708.5062628,90,Chef,7933.6591,200
1781289708.5210853,154,Nurse,2979.35990000002,200
1781289708.5291114,82,Electrician,8036.101700000017,200
1781289708.5401447,92,Data Scientist,7946.380999999974,200
1781289708.5539212,59,Designer,8296.975499999973,200
1781289708.5676997,93,Data Scientist,7964.057500000024,200
1781289708.5896337,76,Teacher,8158.035999999982,200
1781289708.5978851,169,Pilot,1636.1830000000168,200
1781289708.6116555,172,Nurse,1581.7536000000132,200
1781289708.6176996,86,Chef,8084.34440000002,200
1781289708.6217105,174,Plumber,1551.7232000000263,200
1781289708.6274672,103,Designer,7910.841500000004,200
1781289708.6402118,163,Plumber,1898.4153999999762,200
1781289708.6452253,162,Nurse,1933.8706000000343,200
1781289708.6552446,156,Pilot,2454.3094999999653,200
1781289708.6644228,165,Plumber,1873.0037000000266,200
1781289708.6826053,175,Plumber,1602.6890999999637,200
1781289708.6989002,89,Software Engineer,8134.851000000026,200
1781289708.8765893,186,Pilot,1230.1297000000204,200
1781289708.882342,104,Electrician,8155.8529000000135,200
1781289708.8883548,100,Electrician,8202.090399999975,200
1781289709.2737243,87,Chef,8729.858100000001,200
1781289709.3118281,177,Nurse,2137.142900000015,200
1781289709.4746706,192,Pilot,1700.412099999994,200
1781289709.723116,191,Plumber,1963.6589000000413,200
1781289709.8800976,176,Plumber,2766.4833000000044,200
1781289709.9731343,117,Designer,8565.440099999989,200
1781289710.0338492,109,Electrician,9254.425900000002,200
1781289710.1806374,123,Designer,8487.779400000021,200
1781289710.2245584,98,Electrician,9558.84629999997,200
1781289710.3107533,97,Electrician,9666.396499999963,200
1781289710.4107711,120,Teacher,8782.055799999966,200
1781289710.5114894,99,Mechanic,9835.604700000033,200
1781289710.584817,112,Chef,9379.31450000002,200
1781289710.592846,111,Designer,9516.227400000047,200
1781289710.6204119,125,Software Engineer,8886.24279999999,200
1781289710.663455,106,Mechanic,9913.224800000024,200
1781289710.675725,107,Software Engineer,9915.743099999985,200
1781289710.7009304,115,Chef,9344.456200000024,200
1781289710.708696,119,Data Scientist,9150.365500000022,200
1781289710.7316384,126,Mechanic,8987.41130000002,200
1781289710.7520213,105,Software Engineer,-1,Error
1781289710.788521,131,Electrician,8310.30480000004,200
1781289710.7977262,110,Teacher,-1,Error
1781289710.8208797,127,Chef,8604.90150000004,200
1781289710.834667,185,Nurse,3222.0075999999835,200
1781289710.8502185,122,Chef,9157.740400000022,200
1781289710.8602543,134,Electrician,7962.732800000026,200
1781289710.8981748,118,Chef,9349.629300000004,200
1781289710.925742,132,Electrician,8445.373000000018,200
1781289710.9377923,135,Software Engineer,7632.7,200
1781289710.9753962,113,Electrician,9740.880300000015,200
1781289711.065399,129,Designer,8669.843799999966,200
1781289711.1174598,140,Software Engineer,6910.4064,200
1781289711.1763477,130,Chef,8712.228400000015,200
1781289711.2383513,138,Designer,7497.061599999995,200
1781289711.2882123,139,Electrician,7393.653299999983,200
1781289711.3185828,201,Plumber,3283.9867999999797,200
1781289711.3397405,121,Teacher,9685.989599999972,200
1781289711.3474073,223,Pilot,2706.8322999999737,200
1781289711.355432,221,Nurse,2733.843399999955,200
1781289711.3574405,145,Designer,6461.251500000003,200
1781289711.3692155,142,Data Scientist,6933.036800000025,200
1781289711.3732421,141,Data Scientist,7159.910000000025,200
1781289711.4095814,137,Teacher,8052.028899999982,200
1781289711.4216118,199,Plumber,3428.615099999945,200
1781289711.616312,144,Data Scientist,7098.27009999998,200
1781289711.6471272,204,Nurse,3560.41730000004,200
1781289711.7072296,220,Plumber,3089.919199999997,200
1781289711.8948708,236,Plumber,2015.5696999999577,200
1781289712.20726,229,Plumber,3331.519100000037,200
1781289712.371099,242,Pilot,1959.7254999999905,200
1781289712.4405444,232,Pilot,3166.587100000015,200
1781289712.5671,246,Plumber,1947.6463000000308,200
1781289712.8613179,260,Plumber,1936.4523000000418,200
1781289712.9427042,259,Plumber,2044.8833999999465,200
1781289712.9730785,238,Nurse,2937.469299999975,200
1781289713.0519905,148,Electrician,7672.894999999982,200
1781289713.0620236,264,Plumber,1943.9213999999652,200
1781289713.0620236,245,Nurse,2469.419700000003,200
1781289713.0855706,247,Nurse,2423.132599999974,200
1781289713.1289413,271,Pilot,1773.9063999999871,200
1781289713.1527748,272,Plumber,1795.0306999999839,200
1781289713.1605482,274,Plumber,1786.5536000000475,200
1781289713.2116897,153,Data Scientist,7692.456900000025,200
1781289713.4403017,270,Nurse,2093.664399999966,200
1781289713.46118,280,Pilot,1564.6654999999896,200
1781289713.8527157,282,Pilot,1481.255200000021,200
1781289713.8745234,283,Pilot,1433.29609999995,200
1781289714.2369902,155,Data Scientist,8660.007600000028,200
1781289714.2390058,147,Designer,8860.646099999996,200
1781289714.3740196,161,Designer,7664.33840000002,200
1781289714.3830428,152,Designer,8877.112000000012,200
1781289714.4074595,151,Chef,8936.106100000017,200
1781289714.4283834,170,Designer,7448.524200000009,200
1781289714.4575875,292,Plumber,1328.1082999999967,200
1781289714.471624,286,Nurse,1529.7587000000021,200
1781289714.6312916,173,Electrician,7582.881400000019,200
1781289714.7003653,159,Mechanic,8019.086099999981,200
1781289714.7942476,285,Plumber,1931.6845999999828,200
1781289714.8040206,287,Pilot,1830.7978000000276,200
1781289714.8229508,167,Electrician,7984.369200000003,200
1781289714.8259585,288,Plumber,1774.1627999999992,200
1781289714.8393493,157,Data Scientist,8379.28579999999,200
1781289714.8579204,160,Chef,8152.366200000017,200
1781289714.869698,158,Mechanic,8245.916599999986,200
1781289715.0771391,183,Teacher,7493.862200000023,200
1781289715.117886,168,Mechanic,8168.7028000000055,200
1781289715.1198916,180,Designer,7632.491099999981,200
1781289715.1337914,166,Data Scientist,8326.025200000004,200
1781289715.1546476,171,Electrician,8150.434800000028,200
1781289715.1556506,164,Mechanic,8384.951600000022,200
1781289715.1728785,297,Nurse,1712.0681000000104,200
1781289715.5984166,182,Designer,8029.358000000002,200
1781289715.6455863,188,Mechanic,7953.320699999949,200
1781289715.7054238,187,Designer,8024.160400000028,200
1781289715.743066,184,Chef,8141.017099999999,200
1781289715.761159,179,Teacher,8348.973999999998,200
1781289715.780413,193,Chef,7990.11760000002,200
1781289715.826899,178,Mechanic,8557.245899999998,200
1781289716.3497465,189,Electrician,8637.841000000037,200
1781289716.3629608,181,Mechanic,8828.273000000025,200
1781289716.4267318,206,Chef,8280.895299999996,200
1781289716.5683665,200,Teacher,8555.893999999967,200
1781289716.6807916,211,Chef,8173.6109999999935,200
1781289716.7435849,226,Teacher,8079.167600000005,200
1781289716.7794323,213,Chef,8250.839999999982,200
1781289716.7892003,195,Mechanic,8931.590900000003,200
1781289716.8251657,196,Software Engineer,8962.034399999993,200
1781289716.8449724,202,Teacher,8787.849100000018,200
1781289716.8731108,217,Mechanic,8285.230500000012,200
1781289716.8985863,212,Software Engineer,8377.372400000013,200
1781289716.9076116,216,Software Engineer,8339.347900000008,200
1781289716.9418583,197,Software Engineer,9050.562800000023,200
1781289716.9596744,203,Data Scientist,8889.591399999972,200
1781289716.9657,219,Teacher,8354.60340000003,200
1781289716.9855092,190,Electrician,9247.931800000004,200
1781289717.0132117,301,Nurse,2774.767900000029,200
1781289717.1329036,222,Teacher,8506.653700000015,200
1781289717.1582198,198,Chef,9171.667599999979,200
1781289717.1739972,224,Data Scientist,8528.441900000018,200
1781289717.1957998,215,Software Engineer,8642.5117,200
1781289717.2175925,230,Mechanic,8336.662699999977,200
1781289717.2195988,209,Software Engineer,8713.122699999985,200
1781289717.2237194,227,Chef,8541.720800000006,200
1781289717.242271,205,Teacher,9130.027199999971,200
1781289717.2482893,225,Software Engineer,8591.814399999976,200
1781289717.2798603,208,Teacher,8916.402500000004,200
1781289717.2798603,194,Software Engineer,9459.047200000043,200
1781289717.2956502,207,Chef,9056.720600000006,200
1781289717.3134406,228,Software Engineer,8614.650900000015,200
1781289717.3252132,218,Designer,8726.4371,200
1781289717.3341086,311,Plumber,2529.963500000008,200
1781289717.3486538,214,Software Engineer,8808.95780000003,200
1781289717.5520175,330,Nurse,1724.592599999994,200
1781289717.6307013,319,Pilot,2511.341399999992,200
1781289717.6407235,243,Chef,7128.9209000000255,200
1781289717.6633592,231,Data Scientist,8774.733900000001,200
1781289717.7052615,210,Teacher,9199.194400000011,200
1781289717.8511176,324,Pilot,2254.127799999992,200
1781289717.955977,240,Mechanic,7731.638599999997,200
1781289718.3847046,329,Nurse,2605.7518000000073,200
1781289718.4033318,250,Teacher,7695.447200000046,200
1781289718.4735856,257,Designer,7623.52960000004,200
1781289718.551072,239,Data Scientist,8370.163200000035,200
1781289718.570129,237,Chef,8597.014300000012,200
1781289718.5715108,342,Pilot,1674.876299999994,200
1781289718.5891566,345,Nurse,1629.0890999999874,200
1781289718.595367,331,Pilot,2245.2222000000006,200
1781289718.607615,333,Nurse,2180.171900000005,200
1781289718.6209846,328,Plumber,2859.2510999999945,200
1781289718.628514,258,Designer,7767.131300000017,200
1781289718.6513388,251,Data Scientist,7919.523800000035,200
1781289718.664783,249,Data Scientist,7965.6684999999925,200
1781289718.6776106,234,Teacher,9203.426400000011,200
1781289718.6901586,360,Pilot,1394.5452000000387,200
1781289718.7019384,269,Designer,7362.650599999995,200
1781289718.7148666,255,Data Scientist,7897.31740000002,200
1781289718.7219293,364,Pilot,1373.9644999999996,200
1781289718.7265105,235,Electrician,9003.4311,200
1781289718.7912931,233,Data Scientist,9482.350399999974,200
1781289718.8013344,254,Data Scientist,8003.8007999999645,200
1781289718.8174539,352,Nurse,1620.933100000002,200
1781289718.8254733,353,Pilot,1607.287700000029,200
1781289718.8306096,369,Plumber,1123.834200000033,200
1781289718.8336785,363,Nurse,1503.4281999999735,200
1781289718.8970478,252,Teacher,8145.501999999965,200
1781289718.92187,256,Chef,8087.28659999997,200
1781289718.97337,241,Software Engineer,8662.399400000028,200
1781289718.9773815,273,Data Scientist,7606.926999999985,200
1781289718.9940772,358,Plumber,1715.2879999999868,200
1781289719.010086,350,Pilot,1851.5105000000176,200
1781289719.0159314,244,Designer,8431.050799999979,200
1781289719.0284185,261,Electrician,8091.8858,200
1781289719.0425384,253,Electrician,8253.523599999993,200
1781289719.0522635,265,Software Engineer,7875.356000000011,200
1781289719.0602841,266,Mechanic,7823.0085000000145,200
1781289719.0768964,375,Plumber,525.0383000000056,200
1781289719.0829809,248,Chef,8406.842500000039,200
1781289719.0859888,378,Plumber,497.5597000000107,200
1781289719.0955188,268,Chef,7776.655900000037,200
1781289719.274986,390,Pilot,547.9156000000103,200
1781289719.385429,275,Software Engineer,7974.9941000000035,200
1781289719.6282144,381,Plumber,1006.7880000000287,200
1781289719.7255502,382,Pilot,1098.226000000011,200
1781289719.762412,373,Plumber,1358.658900000023,200
1781289719.8068726,262,Software Engineer,8830.258300000025,200
1781289719.8226562,385,Pilot,1144.5843000000195,200
1781289719.836434,267,Data Scientist,8546.618800000033,200
1781289719.838441,276,Software Engineer,8417.248000000029,200
1781289719.8444655,388,Pilot,1125.3732999999784,200
1781289719.8683214,279,Mechanic,8159.233400000005,200
1781289719.8821397,278,Data Scientist,8236.292500000047,200
1781289720.02191,293,Mechanic,6868.559400000038,200
1781289720.0611842,294,Electrician,6901.0895999999775,200
1781289720.07967,398,Plumber,1158.4718000000294,200
1781289720.1086607,291,Teacher,7023.288499999979,200
1781289720.1201887,295,Software Engineer,6909.8477,200
1781289720.1419885,393,Plumber,1324.4172999999932,200
1781289720.150023,284,Data Scientist,7580.9429000000255,200
1781289720.1855702,289,Teacher,7124.111400000003,200
1781289720.1993804,303,Data Scientist,5816.18199999997,200
1781289720.2091455,263,Mechanic,9142.071499999985,200
1781289720.2309475,277,Teacher,8615.361500000006,200
1781289720.2447286,281,Electrician,8036.930499999982,200
1781289720.655297,296,Data Scientist,7213.899499999969,200
1781289720.7118316,290,Software Engineer,7649.341200000037,200
1781289720.7692864,300,Electrician,6531.797500000039,200
1781289721.1280847,302,Teacher,6754.723600000034,200
1781289721.2393472,307,Teacher,6767.704100000003,200
1781289721.3143773,298,Mechanic,7462.28450000001,200
1781289721.4552772,396,Plumber,2619.4805999999744,200
1781289721.5658615,299,Teacher,7691.448000000037,200
1781289721.836342,435,Plumber,1591.7835999999852,200
1781289721.8779676,420,Nurse,2039.3055999999774,200
1781289721.9089332,421,Plumber,2065.8942000000025,200
1781289721.9544845,308,Designer,7322.885800000051,200
1781289721.9842088,427,Nurse,1874.1807000000108,200
1781289722.0050638,425,Plumber,1943.153699999982,200
1781289722.0815449,305,Electrician,7654.16909999999,200
1781289722.089566,315,Teacher,7232.450200000017,200
1781289722.12316,317,Mechanic,7045.0965,200
1781289722.1573153,436,Pilot,1502.7417000000014,200
1781289722.1953018,440,Plumber,954.9746999999797,200
1781289722.2131078,416,Plumber,2449.383800000021,200
1781289722.25495,419,Pilot,2418.8361000000214,200
1781289722.298891,313,Designer,7472.740399999964,200
1781289722.3401215,304,Designer,7933.983399999988,200
1781289722.4405003,309,Mechanic,7738.976700000023,200
1781289722.4866967,316,Chef,7616.688300000022,200
1781289722.5301058,306,Teacher,8072.663699999965,200
1781289722.7371674,441,Pilot,1422.5991999999792,200
1781289722.7601237,442,Pilot,1304.328499999997,200
1781289722.945715,448,Nurse,962.101099999984,200
1781289722.9597728,449,Plumber,955.3556000000185,200
1781289722.9715495,454,Pilot,775.6681000000185,200
1781289722.9788852,320,Software Engineer,7844.478699999968,200
1781289723.064576,443,Nurse,1498.908599999993,200
1781289723.1742442,450,Nurse,1092.3786000000177,200
1781289723.1908748,451,Plumber,1100.96249999998,200
1781289723.1989002,312,Mechanic,8376.482699999997,200
1781289723.3132544,321,Electrician,8159.406700000034,200
1781289723.4229658,446,Plumber,1512.4480000000062,200
1781289723.436005,310,Electrician,8642.00150000005,200
1781289723.4537442,325,Electrician,7806.373000000008,200
1781289723.56576,326,Software Engineer,7860.459400000025,200
1781289723.6345448,322,Electrician,8478.910299999996,200
1781289723.6365514,327,Designer,7893.209299999967,200
1781289723.6663072,459,Pilot,1225.5301000000145,200
1781289723.6683123,462,Plumber,929.8815999999874,200
1781289723.6733236,323,Chef,8500.249499999994,200
1781289723.7326438,336,Data Scientist,6987.2472000000125,200
1781289723.830683,344,Chef,6889.517100000035,200
1781289723.8943262,332,Data Scientist,7530.7063999999855,200
1781289723.9146314,318,Mechanic,8796.788899999967,200
1781289724.4404514,337,Chef,7659.94790000002,200
1781289724.528481,339,Designer,7703.321800000026,200
1781289724.5469286,343,Mechanic,7639.464300000043,200
1781289724.554642,334,Designer,7985.567599999968,200
1781289724.5631683,314,Software Engineer,9722.264499999994,200
1781289724.613958,356,Teacher,7371.602300000006,200
1781289724.6337357,466,Plumber,1663.7518,200
1781289724.7327235,354,Electrician,7514.128900000003,200
1781289724.752789,359,Data Scientist,7472.039600000016,200
1781289724.764558,368,Designer,7101.875800000016,200
1781289724.7786996,361,Teacher,7465.296500000022,200
1781289724.7929118,349,Software Engineer,7659.535500000004,200
1781289724.8086956,362,Designer,7483.96919999999,200
1781289724.8244882,335,Data Scientist,8144.682999999986,200
1781289724.8435526,348,Designer,7830.179799999996,200
1781289724.8475661,367,Mechanic,7206.294899999989,200
1781289724.8637595,341,Electrician,7988.896100000034,200
1781289724.873209,347,Electrician,7887.807899999984,200
1781289724.889538,346,Electrician,7922.953300000017,200
1781289724.896801,366,Teacher,7264.42979999996,200
1781289724.9105835,365,Data Scientist,7357.771700000001,200
1781289724.912592,370,Mechanic,7060.284600000045,200
1781289724.9186137,371,Teacher,6963.515700000016,200
1781289724.9323921,338,Software Engineer,8142.446899999982,200
1781289724.9723406,386,Teacher,6280.451300000039,200
1781289725.0198953,340,Software Engineer,8175.559600000042,200
1781289725.1147861,392,Designer,6312.791300000015,200
1781289725.2273173,374,Chef,6752.273800000012,200
1781289725.2293253,376,Mechanic,6659.910800000034,200
1781289725.2353427,379,Data Scientist,6639.593199999979,200
1781289725.2443733,377,Designer,6670.152499999972,200
1781289725.2636402,387,Mechanic,6562.489599999992,200
1781289725.2710047,383,Mechanic,6620.449800000017,200
1781289725.285069,380,Software Engineer,6677.760799999987,200
1781289725.294134,372,Teacher,6907.109200000036,200
1781289725.3051755,384,Teacher,6638.6046999999735,200
1781289725.309185,391,Chef,6515.992900000015,200
1781289725.3292172,397,Designer,6431.824699999993,200
1781289725.3476462,472,Plumber,2033.7480000000028,200
1781289725.357685,351,Teacher,8182.343300000013,200
1781289725.3755164,473,Plumber,1952.979599999992,200
1781289725.385289,394,Designer,6560.320899999965,200
1781289725.4000816,409,Mechanic,6316.910800000016,200
1781289725.4030988,407,Designer,6341.761700000006,200
1781289725.4165528,402,Electrician,6406.545300000005,200
1781289725.4265788,406,Chef,6374.208699999997,200
1781289725.460036,395,Designer,6630.393099999992,200
1781289725.4927132,355,Chef,8269.987500000014,200
1781289725.582291,357,Data Scientist,8335.120600000038,200
1781289725.6134157,408,Mechanic,6536.468099999979,200
1781289725.6235437,404,Chef,6595.149699999979,200
1781289725.6453586,389,Mechanic,6922.103099999958,200
1781289725.6512587,479,Plumber,1985.359399999993,200
1781289725.6689172,405,Software Engineer,6626.43479999997,200
1781289725.6781132,411,Mechanic,6583.324199999993,200
1781289725.686131,410,Designer,6600.475299999971,200
1781289725.6941533,487,Plumber,1166.0855000000083,200
1781289725.69817,400,Chef,6721.797200000026,200
1781289725.704185,482,Plumber,1972.6645999999732,200
1781289725.7112575,485,Pilot,1795.5013000000122,200
1781289725.8325386,401,Chef,6836.391900000024,200
1781289725.8424892,403,Software Engineer,6826.093600000036,200
1781289725.864761,490,Nurse,1301.689999999951,200
1781289725.8828902,399,Software Engineer,6909.984399999985,200
1781289725.8966722,413,Software Engineer,6512.842599999999,200
1781289725.9027,486,Plumber,1461.6766999999982,200
1781289725.9197214,418,Mechanic,6097.434700000008,200
1781289725.9475684,412,Software Engineer,6671.926999999982,200
1781289725.9698808,428,Electrician,5848.771300000009,200
1781289725.991285,430,Electrician,5842.997799999977,200
1781289726.2272487,415,Designer,6501.27550000002,200
1781289726.9058502,424,Mechanic,6883.679499999971,200
1781289726.9058502,434,Software Engineer,6674.407900000006,200
1781289726.9075935,426,Mechanic,6826.662800000008,200
1781289726.9075935,438,Data Scientist,6138.922799999989,200
1781289726.9095979,437,Chef,6197.477300000002,200
1781289726.9095979,439,Designer,5781.672299999968,200
1781289726.9095979,453,Mechanic,4752.877100000034,200
1781289726.9116018,445,Mechanic,5034.01070000001,200
1781289726.9116018,429,Teacher,6769.8146999999835,200
1781289726.9116018,417,Chef,7105.962999999974,200
1781289726.9922578,456,Teacher,4737.169399999971,200
1781289726.9934387,447,Software Engineer,5038.535200000013,200
1781289726.995035,452,Teacher,4872.068300000024,200
1781289726.995035,457,Mechanic,4697.679400000026,200
1781289726.999342,463,Designer,4239.366000000018,200
1781289726.999342,460,Electrician,4513.119399999994,200
1781289727.003307,414,Chef,7375.200100000029,200
1781289727.006664,458,Electrician,4664.585699999975,200
1781289727.0079768,464,Chef,4061.760499999991,200
1781289727.0102491,471,Data Scientist,3810.529400000007,200
1781289727.011349,470,Data Scientist,3821.4337999999657,200
1781289727.0160942,465,Teacher,4055.1868000000013,200
1781289727.018873,469,Teacher,3844.087800000011,200
1781289727.018873,467,Designer,4040.7822000000237,200
1781289727.020475,422,Electrician,7152.492300000005,200
1781289727.0217626,474,Software Engineer,3585.8588000000395,200
1781289727.0217626,433,Mechanic,6814.185399999986,200
1781289727.0269575,480,Teacher,3358.8867000000278,200
1781289727.0289972,477,Chef,3394.505200000026,200
1781289727.030149,475,Teacher,3576.340700000003,200
1781289727.031177,483,Teacher,3200.5818999999747,200
1781289727.0349884,489,Designer,2482.576300000005,200
1781289727.0349884,484,Data Scientist,3142.876900000033,200
1781289727.0397403,478,Software Engineer,3403.64969999996,200
1781289727.0415733,491,Software Engineer,2427.9002000000105,200
1781289727.0435815,432,Electrician,6845.014699999979,200
1781289727.049109,476,Software Engineer,3483.100900000011,200
1781289727.049109,493,Teacher,2315.2278000000024,200
1781289727.049109,496,Mechanic,2270.54099999998,200
1781289727.0511174,498,Electrician,2241.9861999999853,200
1781289727.0511174,494,Chef,2299.1561000000047,200
1781289727.0511174,492,Electrician,2416.7623000000162,200
1781289727.0511174,499,Teacher,2226.310099999978,200
1781289727.0531232,500,Data Scientist,2208.893000000046,200
1781289727.0531232,497,Mechanic,2259.920700000009,200
1781289727.0586455,495,Designer,2293.5984000000076,200
1781289727.060651,423,Data Scientist,7177.482300000009,200
1781289727.060651,431,Designer,6874.719200000016,200
1781289727.060651,444,Mechanic,5224.138700000026,200
1781289727.0626569,461,Software Engineer,4531.180199999994,200
1781289727.0626569,455,Teacher,4849.3171000000075,200
1781289727.0626569,481,Software Engineer,3390.2308000000403,200
1781289727.0626569,468,Teacher,3999.2263999999977,200
1781289727.0626569,488,Data Scientist,2517.038799999966,200
