Timestamp,Worker_ID,Query,StatusCode
1781289615.6544814,7,Electrician,200
1781289617.1727662,7,Nurse,200
1781289618.5770702,7,Pilot,200
1781289622.4476771,7,Electrician,200
1781289624.2008617,7,Plumber,200
1781289625.4543185,7,Pilot,200
1781289626.8962967,7,Nurse,200
1781289630.5011284,7,Designer,200
1781289632.4525898,7,Plumber,200
1781289634.7001293,7,Chef,200
1781289637.9995701,7,Chef,200
1781289641.6711717,7,Mechanic,200
1781289642.7725852,7,Pilot,200
1781289613.9495249,32,Pilot,200
1781289615.7492702,32,Chef,200
1781289619.5170066,32,Mechanic,200
1781289621.5366638,32,Plumber,200
1781289623.3300204,32,Teacher,200
1781289626.8748708,32,Data Scientist,200
1781289629.8633275,32,Chef,200
1781289632.1828678,32,Mechanic,200
1781289634.6827579,32,Electrician,200
1781289636.7644491,32,Data Scientist,200
1781289638.245902,32,Teacher,200
1781289640.7277703,32,Data Scientist,200
1781289642.931424,32,Electrician,200
1781289615.6221774,25,Designer,200
1781289619.5285358,25,Chef,200
1781289622.3909469,25,Teacher,200
1781289624.1421545,25,Nurse,200
1781289627.314816,25,Chef,200
1781289630.6965785,25,Mechanic,200
1781289634.4092836,25,Software Engineer,200
1781289635.4898055,25,Data Scientist,200
1781289638.2076802,25,Data Scientist,200
1781289639.7642403,25,Plumber,200
1781289641.7282262,25,Teacher,200
1781289642.9334266,25,Plumber,200
1781289615.5983837,17,Data Scientist,200
1781289616.9603727,17,Plumber,200
1781289619.585269,17,Data Scientist,200
1781289623.147614,17,Data Scientist,200
1781289626.9023128,17,Data Scientist,200
1781289629.8412526,17,Electrician,200
1781289634.4092836,17,Software Engineer,200
1781289635.491609,17,Teacher,200
1781289638.2096863,17,Mechanic,200
1781289639.4403064,17,Pilot,200
1781289641.7422566,17,Chef,200
1781289643.0344956,17,Nurse,200
1781289615.6279414,31,Software Engineer,200
1781289616.9924655,31,Plumber,200
1781289619.587273,31,Teacher,200
1781289623.136582,31,Teacher,200
1781289626.4482875,31,Electrician,200
1781289629.8123224,31,Chef,200
1781289632.1530225,31,Nurse,200
1781289633.5773365,31,Nurse,200
1781289635.885785,31,Mechanic,200
1781289638.8675249,31,Teacher,200
1781289640.0283806,31,Pilot,200
1781289641.7322364,31,Mechanic,200
1781289643.0510802,31,Pilot,200
1781289613.9699178,41,Pilot,200
1781289615.7642703,41,Plumber,200
1781289617.3065176,41,Plumber,200
1781289619.6077845,41,Teacher,200
1781289623.254536,41,Teacher,200
1781289626.861395,41,Electrician,200
1781289629.879473,41,Chef,200
1781289632.4824,41,Designer,200
1781289634.032043,41,Plumber,200
1781289635.2233248,41,Plumber,200
1781289636.8067589,41,Nurse,200
1781289638.0463812,41,Plumber,200
1781289641.4934928,41,Teacher,200
1781289643.0828743,41,Plumber,200
1781289615.6261911,22,Software Engineer,200
1781289618.6472251,22,Teacher,200
1781289622.4305055,22,Teacher,200
1781289625.3491323,22,Designer,200
1781289626.8942902,22,Teacher,200
1781289631.2432997,22,Software Engineer,200
1781289632.3460512,22,Plumber,200
1781289634.5615919,22,Teacher,200
1781289636.844874,22,Designer,200
1781289639.0233598,22,Plumber,200
1781289641.7149215,22,Designer,200
1781289643.1361089,22,Pilot,200
1781289614.076921,46,Plumber,200
1781289615.6221774,46,Plumber,200
1781289619.5438225,46,Chef,200
1781289623.1235917,46,Data Scientist,200
1781289626.4195902,46,Software Engineer,200
1781289628.359161,46,Nurse,200
1781289631.8675172,46,Software Engineer,200
1781289632.682389,46,Pilot,200
1781289634.5229793,46,Plumber,200
1781289635.5884693,46,Plumber,200
1781289638.63584,46,Designer,200
1781289641.712916,46,Teacher,200
1781289643.1452599,46,Pilot,200
1781289615.6816285,48,Electrician,200
1781289619.6634092,48,Teacher,200
1781289623.2914624,48,Teacher,200
1781289626.8809412,48,Electrician,200
1781289630.3869724,48,Electrician,200
1781289632.537147,48,Plumber,200
1781289634.610338,48,Electrician,200
1781289635.803805,48,Pilot,200
1781289638.2146986,48,Data Scientist,200
1781289639.4523315,48,Nurse,200
1781289640.6718073,48,Pilot,200
1781289642.0750902,48,Nurse,200
1781289643.258053,48,Plumber,200
1781289614.0350752,12,Plumber,200
1781289616.2838948,12,Electrician,200
1781289619.5540094,12,Electrician,200
1781289623.1255953,12,Electrician,200
1781289626.8593552,12,Designer,200
1781289629.8372416,12,Software Engineer,200
1781289632.1768522,12,Teacher,200
1781289633.8013504,12,Plumber,200
1781289635.4690373,12,Chef,200
1781289638.217707,12,Software Engineer,200
1781289639.2764032,12,Pilot,200
1781289642.0996006,12,Mechanic,200
1781289643.2660718,12,Nurse,200
1781289613.9183257,11,Plumber,200
1781289615.7309687,11,Designer,200
1781289619.6518826,11,Chef,200
1781289623.2874515,11,Chef,200
1781289626.8688548,11,Teacher,200
1781289630.7885382,11,Electrician,200
1781289632.1530225,11,Plumber,200
1781289632.6763694,11,Pilot,200
1781289634.7064033,11,Teacher,200
1781289638.0123153,11,Designer,200
1781289641.6344624,11,Data Scientist,200
1781289643.6533482,11,Mechanic,200
1781289614.0806692,49,Plumber,200
1781289616.4715333,49,Teacher,200
1781289619.562024,49,Designer,200
1781289623.0962722,49,Mechanic,200
1781289626.4155805,49,Software Engineer,200
1781289629.8864906,49,Software Engineer,200
1781289632.068496,49,Mechanic,200
1781289634.54405,49,Data Scientist,200
1781289637.9885433,49,Designer,200
1781289641.6651525,49,Electrician,200
1781289643.8409646,49,Software Engineer,200
1781289615.6934016,36,Chef,200
1781289616.790682,36,Plumber,200
1781289619.599173,36,Software Engineer,200
1781289623.1536305,36,Designer,200
1781289626.1037471,36,Designer,200
1781289628.6780999,36,Software Engineer,200
1781289631.1252027,36,Software Engineer,200
1781289634.4954557,36,Teacher,200
1781289635.7958562,36,Pilot,200
1781289638.2116904,36,Data Scientist,200
1781289641.6324592,36,Chef,200
1781289644.0439909,36,Chef,200
1781289614.0749156,39,Nurse,200
1781289616.50919,39,Data Scientist,200
1781289619.5732408,39,Software Engineer,200
1781289623.1516232,39,Electrician,200
1781289626.4235978,39,Mechanic,200
1781289629.9257874,39,Data Scientist,200
1781289632.0745075,39,Plumber,200
1781289634.550063,39,Software Engineer,200
1781289636.486992,39,Nurse,200
1781289637.4336672,39,Pilot,200
1781289638.8146558,39,Chef,200
1781289641.6781888,39,Teacher,200
1781289644.1261196,39,Mechanic,200
1781289615.604394,9,Mechanic,200
1781289618.6710448,9,Data Scientist,200
1781289622.5124502,9,Mechanic,200
1781289625.4758651,9,Mechanic,200
1781289627.0961769,9,Software Engineer,200
1781289629.2545788,9,Plumber,200
1781289631.1231964,9,Software Engineer,200
1781289634.4954557,9,Mechanic,200
1781289638.2479086,9,Teacher,200
1781289641.55321,9,Teacher,200
1781289644.5865366,9,Electrician,200
1781289615.608406,26,Teacher,200
1781289619.5342946,26,Chef,200
1781289624.0801299,26,Teacher,200
1781289625.168815,26,Pilot,200
1781289625.7474627,26,Pilot,200
1781289627.0808263,26,Pilot,200
1781289628.5128865,26,Nurse,200
1781289631.0865579,26,Electrician,200
1781289634.7579997,26,Mechanic,200
1781289638.109264,26,Mechanic,200
1781289641.7222164,26,Chef,200
1781289644.9742606,26,Software Engineer,200
1781289615.7309687,27,Designer,200
1781289616.8044453,27,Pilot,200
1781289618.5402017,27,Pilot,200
1781289619.7036982,27,Plumber,200
1781289623.2974846,27,Data Scientist,200
1781289625.1800845,27,Plumber,200
1781289626.886267,27,Data Scientist,200
1781289629.8894992,27,Electrician,200
1781289632.1729019,27,Electrician,200
1781289634.554071,27,Teacher,200
1781289638.1112695,27,Electrician,200
1781289641.6484935,27,Data Scientist,200
1781289644.9752626,27,Designer,200
1781289614.0350752,15,Nurse,200
1781289615.7542431,15,Pilot,200
1781289616.9643846,15,Nurse,200
1781289619.594909,15,Data Scientist,200
1781289621.5366638,15,Pilot,200
1781289623.3280146,15,Software Engineer,200
1781289626.8809412,15,Software Engineer,200
1781289629.8512852,15,Mechanic,200
1781289632.0785165,15,Mechanic,200
1781289634.756488,15,Teacher,200
1781289638.4071157,15,Designer,200
1781289641.7039824,15,Teacher,200
1781289644.9772687,15,Mechanic,200
1781289613.9633813,42,Nurse,200
1781289616.50919,42,Chef,200
1781289619.5832658,42,Data Scientist,200
1781289621.4245014,42,Plumber,200
1781289623.3322668,42,Electrician,200
1781289626.8568337,42,Data Scientist,200
1781289630.7367945,42,Data Scientist,200
1781289634.5420449,42,Chef,200
1781289638.1134372,42,Teacher,200
1781289641.6504982,42,Software Engineer,200
1781289644.9782708,42,Designer,200
1781289614.002269,14,Pilot,200
1781289615.7472627,14,Data Scientist,200
1781289616.831261,14,Nurse,200
1781289619.594909,14,Data Scientist,200
1781289623.1516232,14,Software Engineer,200
1781289626.8748708,14,Teacher,200
1781289628.3449628,14,Nurse,200
1781289631.0905738,14,Chef,200
1781289632.5134156,14,Pilot,200
1781289634.413295,14,Nurse,200
1781289635.4562118,14,Teacher,200
1781289638.2218552,14,Electrician,200
1781289641.5496664,14,Teacher,200
1781289644.9812784,14,Teacher,200
1781289613.9193287,0,Plumber,200
1781289616.0654416,0,Chef,200
1781289617.8304837,0,Nurse,200
1781289619.5792549,0,Nurse,200
1781289623.1345778,0,Designer,200
1781289626.052477,0,Data Scientist,200
1781289629.9027588,0,Software Engineer,200
1781289632.418,0,Electrician,200
1781289634.7001293,0,Electrician,200
1781289638.0300102,0,Teacher,200
1781289641.7502728,0,Electrician,200
1781289644.9832838,0,Designer,200
1781289615.776796,3,Designer,200
1781289616.9002917,3,Pilot,200
1781289619.600175,3,Mechanic,200
1781289623.1135752,3,Designer,200
1781289626.064508,3,Chef,200
1781289628.3868427,3,Pilot,200
1781289631.361681,3,Electrician,200
1781289632.682389,3,Plumber,200
1781289634.5289905,3,Nurse,200
1781289638.2479086,3,Chef,200
1781289641.6565137,3,Teacher,200
1781289644.9852889,3,Software Engineer,200
1781289615.6625032,37,Electrician,200
1781289618.5612745,37,Chef,200
1781289622.419905,37,Designer,200
1781289625.4808974,37,Teacher,200
1781289626.8942902,37,Designer,200
1781289628.7705605,37,Nurse,200
1781289629.896744,37,Nurse,200
1781289632.1858764,37,Mechanic,200
1781289634.756488,37,Software Engineer,200
1781289636.846624,37,Nurse,200
1781289638.8612304,37,Teacher,200
1781289641.6344624,37,Chef,200
1781289644.9937034,37,Chef,200
1781289614.0689034,4,Plumber,200
1781289616.4715333,4,Electrician,200
1781289619.5929055,4,Data Scientist,200
1781289623.3280146,4,Software Engineer,200
1781289625.413459,4,Nurse,200
1781289627.0961769,4,Plumber,200
1781289630.690626,4,Chef,200
1781289634.5380383,4,Electrician,200
1781289636.7212749,4,Pilot,200
1781289638.2298727,4,Data Scientist,200
1781289639.7602293,4,Plumber,200
1781289641.7282262,4,Teacher,200
1781289645.0005245,4,Chef,200
1781289615.7542431,19,Data Scientist,200
1781289619.5150006,19,Data Scientist,200
1781289620.4559665,19,Nurse,200
1781289623.4715188,19,Teacher,200
1781289626.8648446,19,Electrician,200
1781289630.560139,19,Mechanic,200
1781289634.5595875,19,Mechanic,200
1781289637.9945593,19,Mechanic,200
1781289641.7560256,19,Mechanic,200
1781289645.002961,19,Data Scientist,200
1781289615.7309687,1,Chef,200
1781289619.5438225,1,Teacher,200
1781289621.9525676,1,Pilot,200
1781289625.4462833,1,Software Engineer,200
1781289626.8983016,1,Teacher,200
1781289628.3611665,1,Plumber,200
1781289631.1252027,1,Data Scientist,200
1781289632.5243855,1,Nurse,200
1781289634.6592152,1,Data Scientist,200
1781289637.997565,1,Designer,200
1781289639.3431523,1,Nurse,200
1781289641.7362454,1,Data Scientist,200
1781289645.002961,1,Designer,200
1781289615.6161628,8,Software Engineer,200
1781289619.5205193,8,Mechanic,200
1781289623.3578308,8,Mechanic,200
1781289625.4808974,8,Pilot,200
1781289626.4482875,8,Nurse,200
1781289629.7992902,8,Chef,200
1781289632.4993713,8,Chef,200
1781289634.6184886,8,Teacher,200
1781289638.0143218,8,Chef,200
1781289641.494497,8,Designer,200
1781289645.002961,8,Chef,200
1781289615.6836336,34,Chef,200
1781289617.1800094,34,Pilot,200
1781289619.588897,34,Designer,200
1781289621.5196817,34,Plumber,200
1781289623.3362765,34,Electrician,200
1781289626.8842618,34,Data Scientist,200
1781289630.5959995,34,Mechanic,200
1781289632.5033815,34,Plumber,200
1781289634.696947,34,Mechanic,200
1781289638.3965464,34,Mechanic,200
1781289639.739069,34,Plumber,200
1781289642.1140504,34,Designer,200
1781289645.0082564,34,Designer,200
1781289615.7191997,28,Teacher,200
1781289619.518515,28,Teacher,200
1781289623.138587,28,Designer,200
1781289626.0899684,28,Designer,200
1781289628.1643326,28,Pilot,200
1781289631.720815,28,Electrician,200
1781289634.5209758,28,Software Engineer,200
1781289638.0403209,28,Teacher,200
1781289639.4285417,28,Nurse,200
1781289641.7482684,28,Electrician,200
1781289645.012047,28,Electrician,200
1781289615.6725287,6,Electrician,200
1781289617.7069795,6,Nurse,200
1781289619.6024933,6,Designer,200
1781289623.1586545,6,Software Engineer,200
1781289626.4482875,6,Data Scientist,200
1781289628.3682616,6,Pilot,200
1781289630.5687387,6,Plumber,200
1781289632.095186,6,Pilot,200
1781289632.7989714,6,Pilot,200
1781289634.7087007,6,Chef,200
1781289638.044412,6,Software Engineer,200
1781289641.5496664,6,Designer,200
1781289645.012047,6,Chef,200
1781289614.0491252,23,Pilot,200
1781289616.5919642,23,Designer,200
1781289619.5560129,23,Teacher,200
1781289623.16407,23,Teacher,200
1781289626.6901138,23,Mechanic,200
1781289630.6575463,23,Software Engineer,200
1781289632.456337,23,Plumber,200
1781289634.532736,23,Plumber,200
1781289638.0483873,23,Electrician,200
1781289641.533858,23,Mechanic,200
1781289645.0156703,23,Data Scientist,200
1781289615.6816285,5,Mechanic,200
1781289619.6614034,5,Mechanic,200
1781289623.2475636,5,Mechanic,200
1781289624.6444278,5,Pilot,200
1781289626.8902788,5,Mechanic,200
1781289629.8653338,5,Teacher,200
1781289632.2029207,5,Software Engineer,200
1781289634.6850061,5,Mechanic,200
1781289636.4403417,5,Plumber,200
1781289638.2338822,5,Mechanic,200
1781289641.686205,5,Electrician,200
1781289645.0156703,5,Designer,200
1781289615.713188,35,Designer,200
1781289617.3005028,35,Nurse,200
1781289619.603496,35,Electrician,200
1781289621.5821235,35,Plumber,200
1781289623.3382807,35,Teacher,200
1781289626.861395,35,Teacher,200
1781289630.0205057,35,Mechanic,200
1781289632.4913547,35,Software Engineer,200
1781289634.7045593,35,Mechanic,200
1781289638.005801,35,Electrician,200
1781289639.3481383,35,Plumber,200
1781289641.746264,35,Designer,200
1781289645.019385,35,Data Scientist,200
1781289615.7562478,20,Chef,200
1781289619.5305414,20,Mechanic,200
1781289623.232225,20,Data Scientist,200
1781289626.4195902,20,Chef,200
1781289628.0679843,20,Pilot,200
1781289631.8635101,20,Electrician,200
1781289634.557584,20,Data Scientist,200
1781289638.005801,20,Mechanic,200
1781289640.7441287,20,Teacher,200
1781289642.5509884,20,Data Scientist,200
1781289645.0243723,20,Data Scientist,200
1781289613.9755392,47,Nurse,200
1781289615.6023908,47,Nurse,200
1781289618.544223,47,Data Scientist,200
1781289619.7068317,47,Designer,200
1781289623.285447,47,Software Engineer,200
1781289626.8668492,47,Teacher,200
1781289628.757515,47,Plumber,200
1781289631.1231964,47,Designer,200
1781289632.5273962,47,Pilot,200
1781289634.691237,47,Software Engineer,200
1781289637.992554,47,Chef,200
1781289641.6444852,47,Teacher,200
1781289645.026379,47,Software Engineer,200
1781289615.7367382,43,Software Engineer,200
1781289619.5245266,43,Electrician,200
1781289621.5959046,43,Nurse,200
1781289623.3014407,43,Teacher,200
1781289625.1840947,43,Plumber,200
1781289626.8922837,43,Chef,200
1781289629.7502215,43,Nurse,200
1781289632.1999128,43,Chef,200
1781289634.6932425,43,Teacher,200
1781289638.038315,43,Software Engineer,200
1781289640.638945,43,Teacher,200
1781289642.4075868,43,Software Engineer,200
1781289645.0283847,43,Chef,200
1781289613.9906585,10,Nurse,200
1781289616.0964065,10,Designer,200
1781289619.5438225,10,Data Scientist,200
1781289623.0652525,10,Chef,200
1781289626.9023128,10,Designer,200
1781289630.361194,10,Mechanic,200
1781289634.5189717,10,Software Engineer,200
1781289638.0123153,10,Designer,200
1781289642.03397,10,Data Scientist,200
1781289645.0296087,10,Designer,200
1781289613.9906585,44,Pilot,200
1781289616.356109,44,Mechanic,200
1781289619.5792549,44,Data Scientist,200
1781289623.16066,44,Mechanic,200
1781289626.0939815,44,Data Scientist,200
1781289628.5326533,44,Software Engineer,200
1781289631.1231964,44,Data Scientist,200
1781289634.499464,44,Electrician,200
1781289638.0343046,44,Mechanic,200
1781289640.6888716,44,Data Scientist,200
1781289642.5939033,44,Teacher,200
1781289645.0296087,44,Teacher,200
1781289615.985135,29,Teacher,200
1781289617.7170002,29,Plumber,200
1781289619.6677852,29,Software Engineer,200
1781289622.4044197,29,Nurse,200
1781289625.479888,29,Chef,200
1781289626.4462843,29,Plumber,200
1781289629.8268824,29,Teacher,200
1781289631.1252027,29,Pilot,200
1781289632.5351436,29,Pilot,200
1781289634.0488951,29,Plumber,200
1781289634.9645727,29,Pilot,200
1781289636.9539378,29,Plumber,200
1781289638.8635294,29,Designer,200
1781289642.0823348,29,Software Engineer,200
1781289645.0309553,29,Chef,200
1781289615.7662745,40,Mechanic,200
1781289619.5325482,40,Designer,200
1781289622.3716352,40,Mechanic,200
1781289625.309458,40,Electrician,200
1781289626.1195302,40,Plumber,200
1781289628.2096293,40,Pilot,200
1781289630.6995878,40,Mechanic,200
1781289634.4042594,40,Electrician,200
1781289634.9538128,40,Nurse,200
1781289638.0363085,40,Teacher,200
1781289640.8878727,40,Designer,200
1781289642.4413598,40,Data Scientist,200
1781289645.0309553,40,Mechanic,200
1781289615.760256,18,Teacher,200
1781289619.5383048,18,Data Scientist,200
1781289621.933751,18,Nurse,200
1781289623.16407,18,Plumber,200
1781289626.7222598,18,Software Engineer,200
1781289630.361194,18,Data Scientist,200
1781289634.5169683,18,Chef,200
1781289635.8499112,18,Nurse,200
1781289638.22386,18,Teacher,200
1781289641.55321,18,Chef,200
1781289642.6422935,18,Nurse,200
1781289645.0309553,18,Data Scientist,200
1781289613.953537,33,Plumber,200
1781289615.6261911,33,Pilot,200
1781289616.9904609,33,Pilot,200
1781289619.603496,33,Data Scientist,200
1781289623.1155782,33,Electrician,200
1781289626.4482875,33,Software Engineer,200
1781289629.9105208,33,Mechanic,200
1781289632.2689793,33,Data Scientist,200
1781289634.6752872,33,Software Engineer,200
1781289635.7958562,33,Pilot,200
1781289638.22386,33,Software Engineer,200
1781289639.4523315,33,Pilot,200
1781289641.6842003,33,Mechanic,200
1781289645.0324519,33,Software Engineer,200
1781289614.084679,21,Pilot,200
1781289616.2363405,21,Designer,200
1781289619.569232,21,Chef,200
1781289623.1094384,21,Mechanic,200
1781289626.7683275,21,Mechanic,200
1781289630.690626,21,Software Engineer,200
1781289634.54405,21,Electrician,200
1781289638.038315,21,Mechanic,200
1781289640.6607466,21,Data Scientist,200
1781289642.4173248,21,Designer,200
1781289645.0324519,21,Designer,200
1781289613.9475195,24,Plumber,200
1781289615.7171955,24,Teacher,200
1781289619.5129952,24,Chef,200
1781289623.327013,24,Software Engineer,200
1781289626.8568337,24,Teacher,200
1781289628.7535076,24,Plumber,200
1781289630.7852182,24,Pilot,200
1781289634.4022524,24,Software Engineer,200
1781289637.989547,24,Teacher,200
1781289641.6741817,24,Teacher,200
1781289645.0324519,24,Data Scientist,200
1781289615.6893897,45,Data Scientist,200
1781289616.7552779,45,Nurse,200
1781289618.553252,45,Pilot,200
1781289620.5099218,45,Pilot,200
1781289623.2287347,45,Data Scientist,200
1781289625.4503016,45,Nurse,200
1781289626.6783574,45,Nurse,200
1781289630.6275122,45,Designer,200
1781289632.1078517,45,Nurse,200
1781289633.0343,45,Plumber,200
1781289634.7579997,45,Nurse,200
1781289638.1082616,45,Electrician,200
1781289641.7540212,45,Electrician,200
1781289645.0358102,45,Electrician,200
1781289614.0531347,30,Pilot,200
1781289616.5859516,30,Designer,200
1781289619.56002,30,Teacher,200
1781289623.1215887,30,Electrician,200
1781289626.4482875,30,Data Scientist,200
1781289629.77885,30,Data Scientist,200
1781289632.197907,30,Mechanic,200
1781289634.5889282,30,Teacher,200
1781289638.245902,30,Mechanic,200
1781289641.667156,30,Data Scientist,200
1781289645.039348,30,Chef,200
1781289615.6389782,2,Mechanic,200
1781289618.559268,2,Mechanic,200
1781289622.2840176,2,Data Scientist,200
1781289625.3172245,2,Mechanic,200
1781289626.4482875,2,Pilot,200
1781289628.0817444,2,Nurse,200
1781289630.6946065,2,Data Scientist,200
1781289634.7076993,2,Data Scientist,200
1781289636.9596937,2,Electrician,200
1781289638.2318764,2,Teacher,200
1781289641.6504982,2,Software Engineer,200
1781289645.040938,2,Designer,200
1781289615.629947,38,Teacher,200
1781289618.6452181,38,Mechanic,200
1781289619.6108558,38,Plumber,200
1781289623.1425967,38,Designer,200
1781289624.6202686,38,Pilot,200
1781289626.0939815,38,Nurse,200
1781289628.203877,38,Pilot,200
1781289630.7072735,38,Designer,200
1781289634.4042594,38,Electrician,200
1781289635.4539983,38,Designer,200
1781289638.227869,38,Electrician,200
1781289641.6504982,38,Chef,200
1781289645.0427113,38,Teacher,200
1781289613.9475195,16,Plumber,200
1781289616.09266,16,Data Scientist,200
1781289619.5650647,16,Designer,200
1781289623.1074336,16,Software Engineer,200
1781289626.8507056,16,Teacher,200
1781289629.9297981,16,Teacher,200
1781289632.087951,16,Plumber,200
1781289634.550063,16,Data Scientist,200
1781289636.4009237,16,Plumber,200
1781289638.2298727,16,Mechanic,200
1781289639.3391416,16,Nurse,200
1781289641.7209373,16,Designer,200
1781289645.0427113,16,Data Scientist,200
1781289615.7171955,13,Mechanic,200
1781289616.7926867,13,Plumber,200
1781289618.600607,13,Pilot,200
1781289622.3526402,13,Software Engineer,200
1781289625.4701054,13,Designer,200
1781289628.1603265,13,Data Scientist,200
1781289630.6965785,13,Software Engineer,200
1781289634.7152486,13,Mechanic,200
1781289638.5642989,13,Software Engineer,200
1781289639.7679882,13,Plumber,200
1781289641.7222164,13,Data Scientist,200
1781289645.0427113,13,Designer,200
